Kontext|Massnahme_ID|Landkreis_ID|Antragsteller_ID|Antrag_Jahr|Massnahme_Aktenzeichen|Massnahme_Bezeichnung|Projekttraeger_ID|Projekttraeger_Name|Massnahme_Beginn|Massnahme_Ende|Massnahme_Verweildauer_Tage|Massnahme_Durchgaenge|Anzahl_Plaetze|Gesamtes_Laufzeitende|Massnahmeart
Sowi|1678|3|51|2018|AQB18-DASI-M5-01|SoWirt's mit Verlängerung aus AQB21 und 2023|5|BAFF Frauenkooperation gGmbH|01.09.2018|31.12.2025||1|42|31.12.2024|M5
Sowi|1675|10|45|2018|AQB18-KSSI-M5-01|"Neue Chancen in der Sozialwirtschaft" - Qualifizierungsperspektive für Migrantinnen -|70|Magistrat der Stadt Kassel|01.08.2018|31.12.2025||1|120|31.12.2022|M5
Sowi|1675|10|45|2018|AQB18-KSSI-M5-01|"Neue Chancen in der Sozialwirtschaft" - Qualifizierungsperspektive für Migrantinnen -|175|StadtBild gemeinnützige GmbH|01.08.2018|31.12.2025||1|120|31.12.2022|M5
Sowi|1675|10|45|2018|AQB18-KSSI-M5-01|"Neue Chancen in der Sozialwirtschaft" - Qualifizierungsperspektive für Migrantinnen -|373|AWO gemeinnützige Gesellschaft für soziale Einrichtungen und Dienste in Nordhessen mbH|01.08.2018|31.12.2025||1|120|31.12.2022|M5
Sowi|1675|10|45|2018|AQB18-KSSI-M5-01|"Neue Chancen in der Sozialwirtschaft" - Qualifizierungsperspektive für Migrantinnen -|374|Plansecur Stiftung|01.08.2018|31.12.2025||1|120|31.12.2022|M5
Sowi|1675|10|45|2018|AQB18-KSSI-M5-01|"Neue Chancen in der Sozialwirtschaft" - Qualifizierungsperspektive für Migrantinnen -|427|BiSI gGmbH|01.08.2018|31.12.2025||1|120|31.12.2022|M5
Sowi|1677|26|50|2018|AQB18-WISI-M5-01|Ausbildung zur Altenpflegehilfe "APH intensiv"|155|BauHaus Werkstätten Wiesbaden GmbH|01.09.2018|31.12.2025||4|80|31.08.2023|M5
Sowi|2060|18|66|2019|AQB19-SOFSHSI-M5-01|Sprachliche und fachliche Vorbereitung von Migranten/innen auf den Besuch einer Fachschule für Erzieherinnen und Erzieher|83|startHAUS gGmbH|01.12.2019|31.07.2024||3|60|31.07.2024|M5
AQB|3068|1|1|2020|AQB20-BSTR-M3-07|Eingliederung ukrainischer Flüchtlinge|9|Berufsbildungswerk Neckargemünd|01.11.2022|31.10.2024||4|60|31.12.2024|M3
AQB|3068|1|1|2020|AQB20-BSTR-M3-07|Eingliederung ukrainischer Flüchtlinge|363|SRH Berufsbildungswerk Neckargemünd|01.11.2022|31.10.2024||4|60|31.12.2024|M3
AQB|2221|4|4|2020|AQB20-FFM-M1-06|move on 2 # (Digi-Lernen)|4|AWO Perspektiven Bildung gGmbH|01.01.2021|31.12.2024||4|128|31.12.2024|M1
Sowi|2234|4|57|2020|AQB20-FGFFBSI-M5-01|main-service - Dienstleistungsagentur der GFFB|236|GFFB gGmbH|01.01.2020|31.12.2024||1|30|31.12.2024|M5
Sowi|2235|4|69|2020|AQB20-FVBFFSI-M5-01|Teilzeit APH|90|VbFF - Verein zur beruflichen Förderung von Frauen e. V.|01.01.2020|31.12.2024||2|50|31.12.2024|M5
AQB|3461|9|9|2020|AQB20-HTK-M1-05|Quick Start|429|GSM Training & Integration GmbH|02.09.2024|06.12.2024||1|30|31.12.2024|M1
Sowi|2072|10|45|2020|AQB20-KSSI-M5-01|Sorgearbeit im Quartier|163|JAFKA gemeinnützige GmbH|01.08.2020|31.12.2024||4|80|31.12.2024|M5
Sowi|2072|10|45|2020|AQB20-KSSI-M5-01|Sorgearbeit im Quartier|175|StadtBild gemeinnützige GmbH|01.08.2020|31.12.2024||4|80|31.12.2024|M5
AQB|2311|12|12|2020|AQB20-LDK-M2-01|Integr. Ausbildung inkl. Mindest-Ausb.verg. (TZ)|36|Gesellschaft für Wirtschaftsförderung mbH|01.09.2020|31.08.2024||1|14|31.12.2024|M2
AQB|3519|7|7|2020|AQB20-LKGG-M1-04|Rechtskreisfreie Beratung/Beratungsstelle Ausbildung und Arbeit|47|Internationaler Bund IB Darmstadt|01.01.2024|31.12.2024||2|120|31.12.2024|M1
AQB|3519|7|7|2020|AQB20-LKGG-M1-04|Rechtskreisfreie Beratung/Beratungsstelle Ausbildung und Arbeit|216|Kultur123 Stadt Rüsselsheim|01.01.2024|31.12.2024||2|120|31.12.2024|M1
AQB|2269|7|7|2020|AQB20-LKGG-M2-01|BaE Gastro, JC und weitere rechtskreisfrei|3|Ausbildungsverbund Metall gGmbH|01.08.2020|31.12.2024||1|10|31.12.2024|M2
AQB|3446|7|7|2020|AQB20-LKGG-M3-08|AQ-Beratung  (AHRS)|47|Internationaler Bund IB Darmstadt|01.01.2024|31.12.2024||1|30|31.12.2024|M3
AQB|3446|7|7|2020|AQB20-LKGG-M3-08|AQ-Beratung  (AHRS)|217|Kreisvolkshochschule Schloß Dornberg|01.01.2024|31.12.2024||1|30|31.12.2024|M3
AQB|2305|6|6|2020|AQB20-LKGI-M3-06|Region fördert digitale Bildung für Frauen|100|Zentrum Arbeit und Umwelt (ZAUG) gGmbH|01.01.2023|31.12.2024||1|40|31.12.2024|M3
AQB|3569|11|11|2020|AQB20-LKKS-M1-02|Ausbildungsvorbereitung  PFLEGE (Konzeptphase)|196|AGiL Gemeinnützige Arbeitsförderungsgesellschaft im Landkreis Kassel|01.09.2024|31.12.2024||1|8|31.12.2024|M1
AQB|2321|13|13|2020|AQB20-LKLW-M2-01|BaE integrativ/kooperativ, Einstiegsqualifizierung (EQ) integrativ|34|Gesellschaft für Ausbildung und Beschäftigung mbH|01.01.2020|31.12.2024||1|21|31.12.2024|M2
AQB|2327|19|19|2020|AQB20-LKOF-M1-02|Jugend in Beruf VI|244|Stadt Dietzenbach|01.01.2020|31.12.2024||2|40|31.12.2024|M1
AQB|2327|19|19|2020|AQB20-LKOF-M1-02|Jugend in Beruf VI|245|Stadt Langen|01.01.2020|31.12.2024||2|40|31.12.2024|M1
AQB|2327|19|19|2020|AQB20-LKOF-M1-02|Jugend in Beruf VI|318|Stadt Dreieich|01.01.2020|31.12.2024||2|40|31.12.2024|M1
AQB|3379|19|19|2020|AQB20-LKOF-M1-09|Vermittlung in Ausbildung/EQ|141|Joblinge gAG Frankfurt, Standort Offenbach|01.05.2024|31.10.2024||1|12|31.12.2024|M1
AQB|2346|19|19|2020|AQB20-LKOF-M3-01|Grundbildung Ü 25|102|Zentrum für Weiterbildung gGmbH Frankfurt|01.04.2024|31.12.2024||1|12|31.12.2024|M3
AQB|2244|23|23|2020|AQB20-LKWF-M1-02|Start Up - U28|108|Delta GmbH|01.11.2022|31.07.2024||2|22|31.12.2024|M1
AQB|2253|23|23|2020|AQB20-LKWF-M3-09|FliA (Flüchtlinge in Arbeit) - Einzelcoaching für Migranten|108|Delta GmbH|19.04.2021|05.08.2022||2|20|31.12.2024|M3
AQB|2278|17|17|2020|AQB20-OWK-M3-02|Erziehende 2022|12|Bildungswerk der hessischen Wirtschaft e. V. Darmstadt|01.02.2023|31.08.2024||3|45|31.12.2024|M3
AQB|2207|20|20|2020|AQB20-RTK-M2-01|Ausbildung|103|ProJob Rheingau-Taunus GmbH|01.08.2021|31.12.2024||1|2|31.12.2024|M2
AQB|2166|21|21|2020|AQB20-SEK-M2-01|Ausbildungen|54|Jugendwerkstatt Felsberg|01.09.2020|31.12.2024||1|4|31.12.2024|M2
AQB|2166|21|21|2020|AQB20-SEK-M2-01|Ausbildungen|84|Starthilfe Ausbildungsverbund Schwalm-Eder e.V.|01.09.2020|31.12.2024||1|4|31.12.2024|M2
AQB|2166|21|21|2020|AQB20-SEK-M2-01|Ausbildungen|85|Stiftung Beiserhaus|01.09.2020|31.12.2024||1|4|31.12.2024|M2
AQB|2166|21|21|2020|AQB20-SEK-M2-01|Ausbildungen|177|Bietergemeinschaft Schwalm-Eder|01.09.2020|31.12.2024||1|4|31.12.2024|M2
AQB|2166|21|21|2020|AQB20-SEK-M2-01|Ausbildungen|266|Hephata Berufshilfe|01.09.2020|31.12.2024||1|4|31.12.2024|M2
AQB|3378|10|10|2020|AQB20-STKS-M1-06|Coaching - Vorbereitung Teilzeit-Ausbildung Alleinerziehende 2021-weiterer Durchgang M1-03|70|Magistrat der Stadt Kassel|07.02.2024|31.12.2024||1|15|31.12.2024|M1
AQB|2080|10|10|2020|AQB20-STKS-M2-01|Ausbildung 3 Jahre - kooperatives BaE-Modell (TZ)|175|StadtBild gemeinnützige GmbH|01.08.2020|31.12.2024||1|3|31.12.2024|M2
AQB|2081|10|10|2020|AQB20-STKS-M2-02|Ausbildung 3 Jahre - integratives BaE-Modell|175|StadtBild gemeinnützige GmbH|01.08.2020|31.01.2024||1|5|31.12.2024|M2
AQB|2082|10|10|2020|AQB20-STKS-M2-03|Coaching - Teilzeit-Ausbildung Alleinerziehende|70|Magistrat der Stadt Kassel|01.08.2020|31.12.2024||1|5|31.12.2024|M2
AQB|2086|10|10|2020|AQB20-STKS-M3-04|Fachkräfteoffensive - Anerkennungspraktika, Qualifizierungen, Einzelfallförderung u.a.|70|Magistrat der Stadt Kassel|01.10.2020|31.12.2024||1|65|31.12.2024|M3
AQB|2101|18|18|2020|AQB20-STOF-M2-01|BaE Teilzeit|10|Berufsbildungswerk Südhessen|01.06.2020|31.03.2025||1|10|31.03.2025|M2
AQB|2101|18|18|2020|AQB20-STOF-M2-01|BaE Teilzeit|67|Lernwerkstatt Offenbach|01.06.2020|31.03.2025||1|10|31.03.2025|M2
AQB|2158|24|24|2020|AQB20-WMK-M2-01|Ausbildungsbegleitende Unterstützung "AbU"|93|Volkshochschule Werra-Meißner|01.08.2020|31.12.2024||1|32|31.12.2024|M2
AQB|2158|24|24|2020|AQB20-WMK-M2-01|Ausbildungsbegleitende Unterstützung "AbU"|99|Werkstatt für junge Menschen e. V.|01.08.2020|31.12.2024||1|32|31.12.2024|M2
AQB|2750|1|1|2021|AQB21-BSTR-M3-08|digitale Kompetenzförderung für Frauen und über 50-jährige|189|Merkur-Schule, Private Schulgesellschaft mbH|01.02.2022|31.01.2025||4|80|31.12.2025|M3
AQB|2517|2|2|2021|AQB21-DADI-M2-01|integrative Berufsausbildung in außerbetrieblichen Einrichtungen BaE|97|Werkhof Darmstadt e. V.|01.09.2021|28.02.2025||1|2|28.02.2025|M2
AQB|2482|4|4|2021|AQB21-FFM-M1-03|Berufsorientierung und Qualifizierung für junge Männer|102|Zentrum für Weiterbildung gGmbH Frankfurt|01.01.2021|31.12.2025||5|60|31.12.2025|M1
AQB|2483|4|4|2021|AQB21-FFM-M1-04|Fit in den Beruf|102|Zentrum für Weiterbildung gGmbH Frankfurt|01.01.2021|31.12.2024||4|18|31.12.2025|M1
AQB|2484|4|4|2021|AQB21-FFM-M1-05|Start II|31|Faprik gGmbH|01.01.2021|31.12.2024||4|48|31.12.2025|M1
AQB|2488|4|4|2021|AQB21-FFM-M2-03|Ausbildungsbegleitung für junge Männer|102|Zentrum für Weiterbildung gGmbH Frankfurt|01.01.2021|31.12.2024||1|30|31.12.2025|M2
Sowi|2822|4|106|2021|AQB21-FFMSI-M5-01|Perspektive Gesundheitsberufe|337|Bildungsprofis|01.01.2022|31.12.2025||1|240|31.12.2023|M5
AQB|2607|12|12|2021|AQB21-LDK-M2-01|Integrative Ausbildung (TZ)|36|Gesellschaft für Wirtschaftsförderung mbH|01.09.2021|31.08.2025||1|14|31.12.2025|M2
AQB|2503|5|5|2021|AQB21-LKFD-M2-01|(Allein)Erziehende in betrieblicher Ausbildung (AlibA) - Modul 2 Begleitung (TZ)|39|Grümel gemeinnützige GmbH|01.08.2021|31.03.2025||1|8|31.03.2025|M2
AQB|3300|5|5|2021|AQB21-LKFD-M3-06|Fortführung Sprachkurse für Geflüchtete mit unterschiedlichen Sprachniveaus|39|Grümel gemeinnützige GmbH|01.01.2023|31.12.2024||1|50|31.03.2025|M3
AQB|3300|5|5|2021|AQB21-LKFD-M3-06|Fortführung Sprachkurse für Geflüchtete mit unterschiedlichen Sprachniveaus|92|Volkshochschule des Landkreises Fulda|01.01.2023|31.12.2024||1|50|31.03.2025|M3
AQB|2582|7|7|2021|AQB21-LKGG-M2-01|BaE Gastro, JC und weitere rechtskreisfreie Plätze|3|Ausbildungsverbund Metall gGmbH|01.09.2021|01.02.2025||1|10|31.12.2025|M2
AQB|2469|6|6|2021|AQB21-LKGI-M1-01|Berufsorientierungsmaßnahme (BOM), Schule: Hungen|100|Zentrum Arbeit und Umwelt (ZAUG) gGmbH|01.08.2021|31.07.2024||3|75|28.02.2025|M1
AQB|2469|6|6|2021|AQB21-LKGI-M1-01|Berufsorientierungsmaßnahme (BOM), Schule: Hungen|136|Institut für Berufs- und Sozialpädagogik gGmbH|01.08.2021|31.07.2024||3|75|28.02.2025|M1
AQB|2470|6|6|2021|AQB21-LKGI-M2-01|BAE, Berufsausbildung in außerbetr. Einrichtungen|55|Jugendwerkstatt Gießen gGmbH|01.09.2021|31.08.2024||1|11|28.02.2025|M2
AQB|2470|6|6|2021|AQB21-LKGI-M2-01|BAE, Berufsausbildung in außerbetr. Einrichtungen|100|Zentrum Arbeit und Umwelt (ZAUG) gGmbH|01.09.2021|31.08.2024||1|11|28.02.2025|M2
AQB|2470|6|6|2021|AQB21-LKGI-M2-01|BAE, Berufsausbildung in außerbetr. Einrichtungen|135|IJB - Gemeinnützige Gesellschaft für Integration, Jugend und Berufsausbildung mbH|01.09.2021|31.08.2024||1|11|28.02.2025|M2
AQB|2544|8|8|2021|AQB21-LKHR-M2-01|BaE VZ  + TZ|95|VIA e. V.|01.08.2021|31.07.2025||1|4|31.07.2025|M2
AQB|2679|11|11|2021|AQB21-LKKS-M2-01|Ausbildung in eigenen Strukturen (Hauswirtschaft)|196|AGiL Gemeinnützige Arbeitsförderungsgesellschaft im Landkreis Kassel|01.09.2021|31.12.2025||1|2|31.12.2025|M2
AQB|2653|13|13|2021|AQB21-LKLW-M2-01|BaE integrativ/kooperativ, Einstiegsqualifizierung (EQ), Sprache integrativ|34|Gesellschaft für Ausbildung und Beschäftigung mbH|01.09.2021|31.12.2025||1|28|31.12.2025|M2
AQB|2518|16|16|2021|AQB21-LKMB-M1-01|Motivierendes Coaching mit # Kompetenzfeststellung|56|JUKO Marburg e. V.|01.05.2021|31.10.2024||4|80|31.12.2024|M1
AQB|2567|19|19|2021|AQB21-LKOF-M1-01|Joblinge|141|Joblinge gAG Frankfurt, Standort Offenbach|01.05.2021|30.04.2025||8|91|30.04.2025|M1
AQB|2568|19|19|2021|AQB21-LKOF-M1-02|HASA Maßnahme f. junge Frauen|149|Internationaler Bund IB Langen|15.09.2022|14.09.2024||2|12|30.04.2025|M1
AQB|2573|19|19|2021|AQB21-LKOF-M2-01|Begleitete Ausbildung|52|Joblinge gAG Frankfurt|01.07.2021|31.03.2025||1|30|30.04.2025|M2
AQB|2656|23|23|2021|AQB21-LKWF-M3-01|Fallmanagement für Alleinerziehende|108|Delta GmbH|18.03.2021|17.03.2024||6|88|31.12.2025|M3
AQB|2621|14|14|2021|AQB21-MKK-M3-03|Betreuungskraft + Sprache|341|Gemeinnützige Gesellschaft für Arbeit, Qualifizierung und Ausbildung mbh|06.09.2021|28.03.2025||5|75|28.03.2025|M3
AQB|3576|15|15|2021|AQB21-MTK-M3-01|MMPAIS (Menschen mit psychischen Auffälligkeiten integrieren und stärken)|125|Frankfurter Verein für soziale Heimstätten e. V.|01.08.2024|01.03.2025||1|12|31.12.2025|M3
AQB|2576|17|17|2021|AQB21-OWK-M3-01|Fit 4 Future|12|Bildungswerk der hessischen Wirtschaft e. V. Darmstadt|01.08.2022|31.01.2025||3|30|31.12.2025|M3
Sowi|2812|17|103|2021|AQB21-OWKSI-M5-01|MinSoz - Migranten in Sozialwirtschaft|43|InA gGmbH, Arbeitgeber- und Personalservice|01.01.2022|31.12.2025||4|120|31.12.2023|M5
AQB|2627|20|20|2021|AQB21-RTK-M2-01|Ausbildung "BAEREN-STARK"|103|ProJob Rheingau-Taunus GmbH|01.08.2022|31.07.2025||1|2|31.12.2025|M2
AQB|2513|21|21|2021|AQB21-SEK-M2-01|Berufsausbildung in außerbetrieblichen Einrichtungen|177|Bietergemeinschaft Schwalm-Eder|01.09.2021|31.12.2025||1|4|31.12.2025|M2
Sowi|2816|21|55|2021|AQB21-SESI-M5-01|CAREFUL Integration - Berufsvorbereitung Haushaltsnahe Dienstleistungen|54|Jugendwerkstatt Felsberg|01.01.2024|31.12.2025||1|12|31.12.2025|M5
Sowi|2817|21|55|2021|AQB21-SESI-M5-02|CAREFUL - NORA-Neuorientierung in Arbeit (alt: Integration-Qualifizierung zur Betreuungskraft...)|315|Arbeit und Bildung e. V., Schwalmstadt|01.01.2022|31.08.2025||1|24|31.12.2025|M5
Sowi|2818|21|55|2021|AQB21-SESI-M5-03|CAREFUL Integration - Hauptschulabschluss mit Service- und Pflegeassistenzausbildung|355|VHS Schwalm-Eder-Kreis|15.09.2023|31.12.2025||1|20|31.12.2025|M5
Sowi|2819|21|55|2021|AQB21-SESI-M5-04|CAREFUL Integration - Ausbildungsbegleitung im Pflegebereich I|84|Starthilfe Ausbildungsverbund Schwalm-Eder e.V.|01.01.2022|31.12.2025||1|78|31.12.2025|M5
Sowi|2820|21|55|2021|AQB21-SESI-M5-05|CAREFUL Integration - Ausbildungsbegleitung im Pflegebereich II|266|Hephata Berufshilfe|01.01.2022|31.12.2025||1|45|31.12.2025|M5
AQB|2559|3|3|2021|AQB21-STDA-M2-01|Außerbetriebliche Ausbildung Fachkraft Metalltechnik für Menschen mit Fluchterfahrung|97|Werkhof Darmstadt e. V.|01.09.2021|31.08.2025||1|4|31.12.2025|M2
AQB|2668|10|10|2021|AQB21-STKS-M2-01|Ausbildung 3 Jahre - kooperatives BaE-Modell|175|StadtBild gemeinnützige GmbH|01.08.2021|31.12.2024||1|3|31.12.2025|M2
AQB|2669|10|10|2021|AQB21-STKS-M2-02|Ausbildung 3 Jahre - integratives BaE-Modell (Digi-Lernen) (TZ)|175|StadtBild gemeinnützige GmbH|01.08.2021|28.02.2025||1|5|31.12.2025|M2
AQB|2670|10|10|2021|AQB21-STKS-M2-03|Coaching - Teilzeit-Ausbildung Alleinerziehende|70|Magistrat der Stadt Kassel|01.08.2023|31.12.2025||1|10|31.12.2025|M2
AQB|2671|10|10|2021|AQB21-STKS-M2-04|berufbezogenes Azubi-Sprachcoaching für Nicht-Muttersprachlerinnen (TZ)|70|Magistrat der Stadt Kassel|01.08.2021|31.12.2025||1|20|31.12.2025|M2
AQB|2673|10|10|2021|AQB21-STKS-M3-02|Sprachkurs für Mütter mit Kinderbetreuung - "Sprachcafé"|70|Magistrat der Stadt Kassel|01.09.2021|16.09.2022||1|40|31.12.2025|M3
AQB|2673|10|10|2021|AQB21-STKS-M3-02|Sprachkurs für Mütter mit Kinderbetreuung - "Sprachcafé"|73|Outlaw Kassel GmbH|01.09.2021|16.09.2022||1|40|31.12.2025|M3
AQB|2675|10|10|2021|AQB21-STKS-M3-04|Fachkräfteoffensive - Coaching, Kursangebote, Einzelfallförderung, Anerkennungspraktika (Digi-Lernen)|70|Magistrat der Stadt Kassel|01.01.2022|31.12.2025||1|20|31.12.2025|M3
AQB|2461|18|18|2021|AQB21-STOF-M2-01|BaE Teilzeit (BBW)|10|Berufsbildungswerk Südhessen|01.07.2021|31.12.2025||1|5|31.12.2025|M2
AQB|2709|18|18|2021|AQB21-STOF-M2-02|BaE Teilzeit (LWO)|67|Lernwerkstatt Offenbach|01.07.2021|31.12.2025||1|5|31.12.2025|M2
AQB|2638|26|26|2021|AQB21-STWI-M2-01|BaE integrativ|420|Grone-Bildungszentrum Wiesbaden|15.08.2021|14.08.2024||1|10|31.12.2025|M2
AQB|2639|26|26|2021|AQB21-STWI-M2-02|BaE kooperativ|420|Grone-Bildungszentrum Wiesbaden|15.08.2021|31.03.2025||1|45|31.12.2025|M2
AQB|2640|26|26|2021|AQB21-STWI-M2-03|BaE kooperativ|16|Bildungswerk der hessischen Wirtschaft e. V. Wiesbaden|15.08.2021|15.02.2025||1|45|31.12.2025|M2
AQB|2536|22|22|2021|AQB21-VBK-M3-04|Sportangebot: laufendes Leben|377|KVA Vogelsbergkreis - Kommunales Jobcenter|01.11.2021|30.06.2025||3|30|31.12.2025|M3
AQB|2593|25|25|2021|AQB21-WAUK-M2-01|BaE TZ für ju. Erziehende und Benacht. SGB VIII, mit integr. Förderung digitaler Kompetenzen|14|Bildungswerk der hessischen Wirtschaft e. V. Frankfurt|01.01.2021|31.12.2025||1|10|31.12.2025|M2
AQB|2598|25|25|2021|AQB21-WAUK-M3-04|Frauensprachkurs m. Kinderbetr. und BO|222|Trockendock e. V., Regionale Dienstleistungen Wetterau|01.09.2023|31.12.2025||6|60|31.12.2025|M3
AQB|2525|24|24|2021|AQB21-WMK-M2-01|Ausbildungsbegleitende Unterstützung "AbU"|93|Volkshochschule Werra-Meißner|01.08.2021|31.12.2025||1|36|31.12.2025|M2
AQB|2525|24|24|2021|AQB21-WMK-M2-01|Ausbildungsbegleitende Unterstützung "AbU"|99|Werkstatt für junge Menschen e. V.|01.08.2021|31.12.2025||1|36|31.12.2025|M2
Sowi|2813|24|48|2021|AQB21-WMSI-M5-01|VITA - Vielfalt, Integration und Teilhabe durch Ausbildung im WMK - Modul II - Qualifizierungsmodul|93|Volkshochschule Werra-Meißner|01.08.2022|31.07.2025||1|45|31.12.2025|M5
Sowi|2813|24|48|2021|AQB21-WMSI-M5-01|VITA - Vielfalt, Integration und Teilhabe durch Ausbildung im WMK - Modul II - Qualifizierungsmodul|133|AWO Fulda|01.08.2022|31.07.2025||1|45|31.12.2025|M5
Sowi|3073|24|48|2021|AQB21-WMSI-M5-02|VITA - Vielfalt, Integration und Teilhabe durch Ausbildung im WMK - Modul III - Ausbildungs-unterstützungsmodul|352|AWO Werra-Meißner e. V.|01.01.2023|31.12.2025||1|40|31.12.2025|M5
AQB|3001|1|1|2022|AQB22-BSTR-M1-02|Aufsuchendes Coaching u25|277|Bildungswerk der hessischen Wirtschaft e. V. Bensheim|01.08.2022|31.07.2025||2|60|31.12.2026|M1
AQB|2899|2|2|2022|AQB22-DADI-M3-02|Mehrsprachige Gesundheitsberatung inkl. Qualifizierungsanteil|257|Zentrum für Weiterbildung gGmbH Darmstadt|01.09.2022|31.08.2024||1|300|28.02.2026|M3
AQB|2900|2|2|2022|AQB22-DADI-M3-03|Multiflex|384|Stiftung Waldmühle|01.05.2022|28.02.2026||1|7|28.02.2026|M3
AQB|2978|4|4|2022|AQB22-FFM-M1-02|Meine Zukunft in Ausbildung und Beruf (ZAB) Geflüchtete|102|Zentrum für Weiterbildung gGmbH Frankfurt|01.01.2022|31.12.2026||5|75|31.12.2026|M1
AQB|2981|4|4|2022|AQB22-FFM-M1-05|Ihr Weg in die Sozialen Berufe mit Sprache und Hasa|256|ASB Lehrerkooperative|01.07.2022|31.12.2025||3|45|31.12.2026|M1
AQB|2982|4|4|2022|AQB22-FFM-M2-01|BaE Ausbildung in TZ kfm. Berufe (TZ 25)|90|VbFF - Verein zur beruflichen Förderung von Frauen e. V.|01.08.2022|31.07.2025||1|12|31.12.2026|M2
AQB|2983|4|4|2022|AQB22-FFM-M2-02|Ausbildungsbegleitung kooperativ in TZ (22), verschiedene Berufe|90|VbFF - Verein zur beruflichen Förderung von Frauen e. V.|01.08.2022|31.07.2025||1|6|31.12.2026|M2
AQB|2987|4|4|2022|AQB22-FFM-M2-06|Begleitung nach der BaE-Ausbildung|31|Faprik gGmbH|01.07.2022|31.12.2025||3|25|31.12.2026|M2
AQB|2989|4|4|2022|AQB22-FFM-M2-08|Ausbildung für Geflüchtete 2021|238|Smart-work-Frankfurt gGmbH|01.01.2022|31.08.2024||1|6|31.12.2026|M2
AQB|3025|9|9|2022|AQB22-HTK-M3-02|Qualifizierung im hauswirtschaftichen Bereich|121|Starthilfe Hochtaunus e. V.|01.03.2023|28.02.2025||4|40|31.12.2026|M3
AQB|2940|12|12|2022|AQB22-LDK-M2-01|Integrative Ausbildung|36|Gesellschaft für Wirtschaftsförderung mbH|01.09.2022|31.08.2026||1|12|31.12.2026|M2
AQB|2841|5|5|2022|AQB22-LKFD-M2-01|(Allein) Erziehende in betrieblicher Ausbildung (AlibA) - Modul 2 Begleitung (TZ)|39|Grümel gemeinnützige GmbH|01.08.2022|28.02.2026||1|8|31.05.2026|M2
AQB|2844|5|5|2022|AQB22-LKFD-M3-03|Unterstützungsangebote in Ausbildungsbegleitung und Qualiberatung in der Pflege und SWI|234|Rhön Tourismus & Service GmbH des Landkreises Fulda|01.01.2022|31.12.2022||1|50|31.05.2026|M3
AQB|2845|5|5|2022|AQB22-LKFD-M3-04|Geflüchtete und Personen ohne Migrationshintergrund|59|Kommunales Kreisjobcenter Fulda|01.02.2023|31.05.2026||1|5|31.05.2026|M3
AQB|3575|5|5|2022|AQB22-LKFD-M3-07|Take off men - Sprach und Digitalförderung+ für Männer mit Migrationshintergrund|133|AWO Fulda|01.08.2024|31.07.2025||1|10|31.05.2026|M3
AQB|2962|7|7|2022|AQB22-LKGG-M2-01|BaE|3|Ausbildungsverbund Metall gGmbH|01.09.2022|01.02.2026||1|10|31.12.2026|M2
AQB|3343|7|7|2022|AQB22-LKGG-M3-06|AQ-Beratung|47|Internationaler Bund IB Darmstadt|01.01.2024|31.12.2024||1|240|31.12.2026|M3
AQB|3343|7|7|2022|AQB22-LKGG-M3-06|AQ-Beratung|216|Kultur123 Stadt Rüsselsheim|01.01.2024|31.12.2024||1|240|31.12.2026|M3
AQB|3343|7|7|2022|AQB22-LKGG-M3-06|AQ-Beratung|217|Kreisvolkshochschule Schloß Dornberg|01.01.2024|31.12.2024||1|240|31.12.2026|M3
AQB|2907|6|6|2022|AQB22-LKGI-M1-01|Berufsorientierungsmaßnahme (BOM), Schulen: Lollar, Pohlheim, Buseck, Wettenberg, Lich - bis 2026 Restabwicklung|100|Zentrum Arbeit und Umwelt (ZAUG) gGmbH|01.08.2022|31.07.2025||15|375|31.12.2026|M1
AQB|2907|6|6|2022|AQB22-LKGI-M1-01|Berufsorientierungsmaßnahme (BOM), Schulen: Lollar, Pohlheim, Buseck, Wettenberg, Lich - bis 2026 Restabwicklung|136|Institut für Berufs- und Sozialpädagogik gGmbH|01.08.2022|31.07.2025||15|375|31.12.2026|M1
AQB|2908|6|6|2022|AQB22-LKGI-M1-02|Ausbildungscamps|100|Zentrum Arbeit und Umwelt (ZAUG) gGmbH|01.01.2023|31.12.2025||4|48|31.12.2026|M1
AQB|2914|6|6|2022|AQB22-LKGI-M3-06|Jobagent|100|Zentrum Arbeit und Umwelt (ZAUG) gGmbH|01.01.2023|31.12.2025||1|50|31.12.2026|M3
AQB|2865|8|8|2022|AQB22-LKHR-M1-01|u25 Social Coach|95|VIA e. V.|01.12.2022|31.01.2026||1|30|31.07.2026|M1
AQB|2934|11|11|2022|AQB22-LKKS-M2-01|Ausbildung in eigenen Strukturen (LK/AGiL/Eigenbetrieb)|196|AGiL Gemeinnützige Arbeitsförderungsgesellschaft im Landkreis Kassel|01.09.2022|31.01.2026||1|1|31.01.2026|M2
AQB|2935|11|11|2022|AQB22-LKKS-M2-02|Ausbildung Maschinen- und Anlagenführer/in|106|Berufsbildungswerk Nordhessen (BBW Nordhessen)|01.09.2022|31.01.2025||1|6|31.01.2026|M2
AQB|3018|13|13|2022|AQB22-LKLW-M2-01|BaE integrativ/kooperativ|34|Gesellschaft für Ausbildung und Beschäftigung mbH|05.09.2022|31.12.2026||1|15|31.12.2026|M2
AQB|2863|16|16|2022|AQB22-LKMB-M1-01|Motivierendes Coaching Stadtallendorf (Fortsetzung ab 01.09.24 bis 2026 nach Ausschreibung)|76|Praxis GmbH|01.09.2022|31.08.2024||3|30|31.03.2026|M1
AQB|3581|16|16|2022|AQB22-LKMB-M1-02|Motivierendes Coaching (Marburg)|56|JUKO Marburg e. V.|01.11.2024|30.10.2025||1|20|31.03.2026|M1
AQB|2949|19|19|2022|AQB22-LKOF-M1-01|Jugend in Beruf|79|Stadt Rodgau, JiB|01.01.2023|31.03.2026||3|180|31.08.2026|M1
AQB|2949|19|19|2022|AQB22-LKOF-M1-01|Jugend in Beruf|245|Stadt Langen|01.01.2023|31.03.2026||3|180|31.08.2026|M1
AQB|2949|19|19|2022|AQB22-LKOF-M1-01|Jugend in Beruf|321|Stadt Obertshausen|01.01.2023|31.03.2026||3|180|31.08.2026|M1
AQB|2950|19|19|2022|AQB22-LKOF-M1-02|Chance Handwerk (Gr. A + B)|143|KIZ SINNOVA Gesellschaft für soziale Innovationen gGmbH|01.03.2022|31.08.2026||2|24|31.08.2026|M1
AQB|2951|19|19|2022|AQB22-LKOF-M1-03|Produktionsschule mit HASA IV|149|Internationaler Bund IB Langen|15.09.2022|14.09.2024||2|24|31.08.2026|M1
AQB|3380|19|19|2022|AQB22-LKOF-M1-08|Heranführung an Ausbildung/EQ|102|Zentrum für Weiterbildung gGmbH Frankfurt|01.11.2024|30.04.2025||1|12|31.08.2026|M1
AQB|2956|19|19|2022|AQB22-LKOF-M3-01|Einzelcoaching Frauen|151|USS GmbH Offenbach|01.09.2022|31.08.2024||2|24|31.08.2026|M3
AQB|3034|23|23|2022|AQB22-LKWF-M3-04|Zertifizierung von Sprachkenntnissen (nicht stattgefunden)|250|Kreisausschuss des Landkreises Waldeck-Frankenberg|01.10.2022|31.03.2023||1|8|31.12.2026|M3
AQB|3036|23|23|2022|AQB22-LKWF-M3-06|FliA (Flüchtling in Arbeit) Bad Arolsen (nicht stattgefunden)|108|Delta GmbH|20.03.2023|19.08.2023||1|10|31.12.2026|M3
AQB|2995|14|14|2022|AQB22-MKK-M2-01|Lehrlings-Scout plus (TZ)|435|Kreishandwerkerschaft Gelnhausen-Schlüchtern|01.01.2022|31.12.2024||3|75|28.02.2026|M2
AQB|2997|14|14|2022|AQB22-MKK-M3-02|Karrierestart (mit Kind)|341|Gemeinnützige Gesellschaft für Arbeit, Qualifizierung und Ausbildung mbh|01.05.2022|28.02.2026||2|30|28.02.2026|M3
AQB|2904|17|17|2022|AQB22-OWK-M3-02|Stand up - Maßnahme für Langzeitarbeitslose|43|InA gGmbH, Arbeitgeber- und Personalservice|01.02.2023|31.01.2025||2|30|31.12.2026|M3
AQB|3009|20|20|2022|AQB22-RTK-M2-01|Ausbildung "BAERENSTARK"|103|ProJob Rheingau-Taunus GmbH|01.08.2023|31.07.2026||1|2|31.12.2026|M2
AQB|2860|21|21|2022|AQB22-SEK-M3-02|Quali to go|85|Stiftung Beiserhaus|01.09.2022|31.08.2026||5|20|31.12.2026|M3
AQB|2919|3|3|2022|AQB22-STDA-M1-01|Jugendatelier|97|Werkhof Darmstadt e. V.|01.10.2022|30.09.2025||3|30|31.12.2026|M1
AQB|2920|3|3|2022|AQB22-STDA-M1-02|Chance 2.0|12|Bildungswerk der hessischen Wirtschaft e. V. Darmstadt|01.09.2022|31.08.2024||2|20|31.12.2026|M1
AQB|2923|3|3|2022|AQB22-STDA-M2-01|Ausbildung für Geflüchtete|97|Werkhof Darmstadt e. V.|01.09.2022|31.08.2026||1|2|31.12.2026|M2
AQB|2879|10|10|2022|AQB22-STKS-M2-01|Ausbildung 3 Jahre - kooperatives BaE-Modell|175|StadtBild gemeinnützige GmbH|01.09.2022|31.08.2025||1|3|31.12.2026|M2
AQB|2880|10|10|2022|AQB22-STKS-M2-02|Ausbildung 3 Jahre - integratives BaE-Modell (TZ)|175|StadtBild gemeinnützige GmbH|01.09.2022|31.08.2025||1|5|31.12.2026|M2
AQB|2882|10|10|2022|AQB22-STKS-M2-04|Berufsbezogenes Azubi-Sprachcoaching für Nicht-Muttersprachler_innen (TZ)|70|Magistrat der Stadt Kassel|01.04.2022|31.12.2026||1|35|31.12.2026|M2
AQB|2882|10|10|2022|AQB22-STKS-M2-04|Berufsbezogenes Azubi-Sprachcoaching für Nicht-Muttersprachler_innen (TZ)|185|Kommunale Arbeitsförderung|01.04.2022|31.12.2026||1|35|31.12.2026|M2
AQB|2886|10|10|2022|AQB22-STKS-M3-04|Fachkräfte-Offensive - Coaching, Kursangebote, Einzelfallförderung, Anerkennungspraktika|70|Magistrat der Stadt Kassel|01.02.2022|31.12.2025||1|65|31.12.2026|M3
AQB|2886|10|10|2022|AQB22-STKS-M3-04|Fachkräfte-Offensive - Coaching, Kursangebote, Einzelfallförderung, Anerkennungspraktika|185|Kommunale Arbeitsförderung|01.02.2022|31.12.2025||1|65|31.12.2026|M3
AQB|2851|18|18|2022|AQB22-STOF-M2-01|BaE Teilzeit|10|Berufsbildungswerk Südhessen|01.07.2022|31.12.2026||1|10|31.12.2026|M2
AQB|2851|18|18|2022|AQB22-STOF-M2-01|BaE Teilzeit|67|Lernwerkstatt Offenbach|01.07.2022|31.12.2026||1|10|31.12.2026|M2
AQB|2894|26|26|2022|AQB22-STWI-M2-01|BaE integrativ|420|Grone-Bildungszentrum Wiesbaden|15.08.2022|31.03.2026||1|10|31.12.2026|M2
AQB|2969|26|26|2022|AQB22-STWI-M2-02|BaE kooperativ|420|Grone-Bildungszentrum Wiesbaden|15.08.2022|31.03.2026||1|45|31.12.2026|M2
AQB|2970|26|26|2022|AQB22-STWI-M2-03|BaE kooperativ|16|Bildungswerk der hessischen Wirtschaft e. V. Wiesbaden|15.08.2022|14.02.2026||1|45|31.12.2026|M2
AQB|2971|26|26|2022|AQB22-STWI-M3-01|Stadtteilmütter - Stadtteilväter|436|AWO Kreisverband Wiesbaden e.V.|01.11.2022|31.08.2024||2|16|31.12.2026|M3
AQB|2974|26|26|2022|AQB22-STWI-M3-04|Brücke für Gesundheit und finanzielle Sicherheit (BfGS)|155|BauHaus Werkstätten Wiesbaden GmbH|01.01.2022|31.12.2024||1|150|31.12.2026|M3
AQB|3041|22|22|2022|AQB22-VBK-M3-03|Sprachförderung für geflüchtete Menschen|224|Volkshochschule Lauterbach|01.04.2022|31.12.2024||3|36|31.12.2026|M3
AQB|3041|22|22|2022|AQB22-VBK-M3-03|Sprachförderung für geflüchtete Menschen|438|Bildungswerk der hessischen Wirtschaft e.V.|01.04.2022|31.12.2024||3|36|31.12.2026|M3
AQB|3043|22|22|2022|AQB22-VBK-M3-05|Lesen und Schreiben (Alphabetisierung)|224|Volkshochschule Lauterbach|01.01.2022|31.03.2023||1|10|31.12.2026|M3
AQB|3047|22|22|2022|AQB22-VBK-M3-09|Digitale Grundbildung für Frauen mit Migrationsgeschichte|438|Bildungswerk der hessischen Wirtschaft e.V.|01.02.2024|31.12.2024||2|20|31.12.2026|M3
AQB|3049|25|25|2022|AQB22-WAUK-M1-01|Mobiler Erstberatungsbus SUN|443|Lichtblick e. V.|01.03.2023|28.02.2025||1|20|31.12.2026|M1
AQB|3051|25|25|2022|AQB22-WAUK-M2-01|Geförderte Ausbildung TZ|14|Bildungswerk der hessischen Wirtschaft e. V. Frankfurt|05.09.2022|04.03.2025||1|4|31.12.2026|M2
AQB|3052|25|25|2022|AQB22-WAUK-M3-01|BUDIB Budget und Integration|240|Wetteraukreis|01.01.2023|30.11.2024||1|20|31.12.2026|M3
AQB|2831|24|24|2022|AQB22-WMK-M2-01|Ausbildungsbegleitende Unterstützung - AbU|93|Volkshochschule Werra-Meißner|01.08.2022|31.07.2026||1|36|31.12.2026|M2
AQB|2831|24|24|2022|AQB22-WMK-M2-01|Ausbildungsbegleitende Unterstützung - AbU|99|Werkstatt für junge Menschen e. V.|01.08.2022|31.07.2026||1|36|31.12.2026|M2
AQB|3128|1|1|2023|AQB23-BSTR-M1-01|Ausbildungsvorbereitung Start? Klar!|140|USS GmbH Sinsheim|01.09.2023|31.08.2024||1|12|31.12.2027|M1
AQB|3129|1|1|2023|AQB23-BSTR-M1-02|BEO U25 Bergstraße - Standort Bensheim|140|USS GmbH Sinsheim|01.09.2023|31.08.2024||1|20|31.12.2027|M1
AQB|3130|1|1|2023|AQB23-BSTR-M3-01|Sprachkursbegleitende Unterstützung Bensheim|422|Sprache und Bildung GmbH|01.09.2023|31.08.2024||1|20|31.12.2027|M3
AQB|3131|1|1|2023|AQB23-BSTR-M3-02|Sprachkursbegleitende Unterstützung Viernheim|279|Lernmobil e.V.|01.09.2023|31.08.2024||1|20|31.12.2027|M3
AQB|3132|1|1|2023|AQB23-BSTR-M3-03|Absolventenmanagement I|72|Neue Wege Kreis Bergstraße - Komm. Jobcenter|01.01.2023|31.12.2024||1|300|31.12.2027|M3
AQB|3133|1|1|2023|AQB23-BSTR-M3-04|Digitales Coaching Ukraine|363|SRH Berufsbildungswerk Neckargemünd|01.09.2023|31.08.2027||15|300|31.12.2027|M3
AQB|3143|2|2|2023|AQB23-DADI-M3-01|Sprachförderung Hochschulzugangsberechtigung|257|Zentrum für Weiterbildung gGmbH Darmstadt|01.09.2023|31.08.2025||4|96|31.01.2027|M3
AQB|3145|2|2|2023|AQB23-DADI-M3-03|SPEAK - Sprache erlernen im Arbeitsweltkontext|400|Zentrum für Weiterbildung gGmbH Dieburg|01.06.2023|31.05.2025||6|48|31.01.2027|M3
AQB|3212|4|4|2023|AQB23-FFM-M1-02|Projekt Soziale Berufe|241|Ev. Verein für Jugendsozialarbeit e.V.|01.02.2023|31.12.2027||5|75|31.12.2027|M1
AQB|3213|4|4|2023|AQB23-FFM-M1-03|Integration durch Ausbildung - IdA|349|Impuls Rhein-Main e.V.|01.01.2023|31.12.2026||4|100|31.12.2027|M1
AQB|3214|4|4|2023|AQB23-FFM-M1-04|Alpha Kurs|4|AWO Perspektiven Bildung gGmbH|01.01.2023|31.12.2024||2|16|31.12.2027|M1
AQB|3215|4|4|2023|AQB23-FFM-M1-05|Matchpoint|4|AWO Perspektiven Bildung gGmbH|01.04.2023|31.12.2024||2|20|31.12.2027|M1
AQB|3216|4|4|2023|AQB23-FFM-M1-06|P-FiA Frauenprojekt|349|Impuls Rhein-Main e.V.|01.03.2023|31.12.2026||4|80|31.12.2027|M1
AQB|3217|4|4|2023|AQB23-FFM-M1-07|Quali-Bausteine|238|Smart-work-Frankfurt gGmbH|01.09.2023|31.08.2025||2|18|31.12.2027|M1
AQB|3219|4|4|2023|AQB23-FFM-M2-01|BaE Erstausbildung in TZ für junge Mütter, kfm. Berufe|90|VbFF - Verein zur beruflichen Förderung von Frauen e. V.|01.08.2023|31.07.2026||1|12|31.12.2027|M2
AQB|3220|4|4|2023|AQB23-FFM-M2-02|Ausbildungsbegleitung kooperativ in TZ|90|VbFF - Verein zur beruflichen Förderung von Frauen e. V.|01.08.2023|31.07.2026||1|6|31.12.2027|M2
AQB|3222|4|4|2023|AQB23-FFM-M2-04|Ausbildungscoaching für junge Menschen mit Fluchtgeschichte|241|Ev. Verein für Jugendsozialarbeit e.V.|01.01.2024|31.12.2024||2|12|31.12.2027|M2
AQB|3223|4|4|2023|AQB23-FFM-M2-05|Chance für Ankommende - Qualifizierung Schneiderinnen|311|Stitch by Stitch e.V.|01.01.2023|31.12.2024||1|10|31.12.2027|M2
AQB|3224|4|4|2023|AQB23-FFM-M3-01|Digitales Lernzentrum für Frauen|8|Berami berufliche Integration e. V.|01.01.2023|31.12.2024||5|75|31.12.2027|M3
Sowi|3314|6|56|2023|AQB23-GISI-M5-01|Integration stärkt Pflege plus|100|Zentrum Arbeit und Umwelt (ZAUG) gGmbH|01.02.2023|31.01.2025||1|22|31.01.2025|M5
AQB|3119|9|9|2023|AQB23-HTK-M1-02|Maßnahme nach § 13 SGB VIII "Phönix"|180|basa e.V.|01.07.2023|30.06.2025||3|30|31.12.2027|M1
AQB|3120|9|9|2023|AQB23-HTK-M1-03|"PeTz" (Perspektive Teilzeitausbildung)|366|Bildungswerk der hessischen Wirtschaft e. V., Bad Homburg|29.01.2024|28.07.2024||1|12|31.12.2027|M1
AQB|3347|9|9|2023|AQB23-HTK-M1-04|"OKI":Orientieren-Kompetenzen feststellen-Integrieren|366|Bildungswerk der hessischen Wirtschaft e. V., Bad Homburg|01.08.2024|31.07.2026||3|24|31.12.2027|M1
AQB|3122|9|9|2023|AQB23-HTK-M3-01|MitSprache zum Job für Frauen 2.0|429|GSM Training & Integration GmbH|14.08.2023|13.08.2024||2|30|31.12.2027|M3
AQB|3257|12|12|2023|AQB23-LDK-M2-01|Integrative Ausbildung|36|Gesellschaft für Wirtschaftsförderung mbH|01.09.2023|31.08.2027||1|14|31.12.2027|M2
AQB|3258|12|12|2023|AQB23-LDK-M2-02|Mit 2in1 zur Altenpflegehilfskraft (TZ)|61|Kreisausschuss des Lahn-Dill-Kreises / Abteilung Kinder- und Jugendhilfe|01.10.2024|30.09.2026||1|10|31.12.2027|M2
AQB|3553|12|12|2023|AQB23-LDK-M3-07|Gemeinsam in Lahnau 2024|58|Kommunales Jobcenter Lahn-Dill|11.06.2024|31.01.2025||1|20|31.12.2027|M3
AQB|3159|5|5|2023|AQB23-LKFD-M1-01|(Allein)Erziehende in betrieblicher Ausbildung (AlibA) - Modul 3 Beratung|39|Grümel gemeinnützige GmbH|01.09.2023|31.07.2024||1|5|31.05.2027|M1
AQB|3160|5|5|2023|AQB23-LKFD-M1-02|Einstieg in Ausbildung und Beruf (EAuB)|92|Volkshochschule des Landkreises Fulda|01.09.2023|31.07.2025||2|28|31.05.2027|M1
AQB|3160|5|5|2023|AQB23-LKFD-M1-02|Einstieg in Ausbildung und Beruf (EAuB)|452|BBO Fulda Bildungszentrum Bau Osthessen gGmbH|01.09.2023|31.07.2025||2|28|31.05.2027|M1
AQB|3163|5|5|2023|AQB23-LKFD-M1-05|(Allein)Erziehende in betrieblicher Ausbildung (AlibA) - Modul 1 Integration|39|Grümel gemeinnützige GmbH|01.09.2023|31.07.2024||1|12|31.05.2027|M1
AQB|3164|5|5|2023|AQB23-LKFD-M2-01|(Allein)Erziehende in betrieblicher Ausbildung (AlibA) - Modul 2 Begleitung|39|Grümel gemeinnützige GmbH|01.08.2023|31.07.2026||1|6|31.05.2027|M2
AQB|3165|5|5|2023|AQB23-LKFD-M3-01|Energiesparcheck|20|Caritasverband für die Regionen Fulda u. Geisa e. V.|01.04.2023|31.12.2026||2|400|31.05.2027|M3
AQB|3166|5|5|2023|AQB23-LKFD-M3-02|Sprachkurse (rechtskreisoffen) für Geflüchtete mit unterschiedl. Sprachniveaus|39|Grümel gemeinnützige GmbH|01.01.2024|31.01.2025||1|90|31.05.2027|M3
AQB|3166|5|5|2023|AQB23-LKFD-M3-02|Sprachkurse (rechtskreisoffen) für Geflüchtete mit unterschiedl. Sprachniveaus|92|Volkshochschule des Landkreises Fulda|01.01.2024|31.01.2025||1|90|31.05.2027|M3
AQB|3167|5|5|2023|AQB23-LKFD-M3-03|Unterstützungsangebote in Ausbildungsbegleitung und Qualiberatung in der Pflege und SWI|234|Rhön Tourismus & Service GmbH des Landkreises Fulda|01.01.2023|31.12.2025||1|60|31.05.2027|M3
AQB|3171|5|5|2023|AQB23-LKFD-M3-07|Sprachkursbegleitender Arbeitsmarktlotse|234|Rhön Tourismus & Service GmbH des Landkreises Fulda|01.11.2023|31.12.2025||3|120|31.05.2027|M3
AQB|3172|5|5|2023|AQB23-LKFD-M3-08|Qualifizierungsberatung in der Pflege|234|Rhön Tourismus & Service GmbH des Landkreises Fulda|01.01.2023|31.12.2025||1|60|31.05.2027|M3
AQB|3288|7|7|2023|AQB23-LKGG-M1-01|FAauB - Fit in Ausbildung und Beruf|12|Bildungswerk der hessischen Wirtschaft e. V. Darmstadt|01.09.2023|31.08.2024||1|20|31.12.2027|M1
AQB|3288|7|7|2023|AQB23-LKGG-M1-01|FAauB - Fit in Ausbildung und Beruf|102|Zentrum für Weiterbildung gGmbH Frankfurt|01.09.2023|31.08.2024||1|20|31.12.2027|M1
AQB|3289|7|7|2023|AQB23-LKGG-M2-01|BaE Gastro|3|Ausbildungsverbund Metall gGmbH|01.09.2023|28.02.2027||1|10|31.12.2027|M2
AQB|3290|7|7|2023|AQB23-LKGG-M3-01|Fem.Start|398|Frauenzentrum e. V.|01.07.2024|31.03.2025|10|1|40|31.12.2027|M3
AQB|3545|7|7|2023|AQB23-LKGG-M3-04|Öffnung Portfolio|51|Jobcenter Groß-Gerau|01.11.2023|31.12.2024|10|1|20|31.12.2027|M3
AQB|3195|6|6|2023|AQB23-LKGI-M1-01|Berufsorientierungsmaßnahmen (BOM) Linden/Allendorf|100|Zentrum Arbeit und Umwelt (ZAUG) gGmbH|01.08.2023|31.07.2026||6|150|31.12.2027|M1
AQB|3195|6|6|2023|AQB23-LKGI-M1-01|Berufsorientierungsmaßnahmen (BOM) Linden/Allendorf|136|Institut für Berufs- und Sozialpädagogik gGmbH|01.08.2023|31.07.2026||6|150|31.12.2027|M1
AQB|3196|6|6|2023|AQB23-LKGI-M1-02|Werkstatt Zukunft|100|Zentrum Arbeit und Umwelt (ZAUG) gGmbH|01.04.2023|31.03.2026||2|90|31.12.2027|M1
AQB|3202|6|6|2023|AQB23-LKGI-M1-04|Produktionswerkstatt|100|Zentrum Arbeit und Umwelt (ZAUG) gGmbH|01.01.2023|31.12.2025||2|20|31.12.2027|M1
AQB|3199|6|6|2023|AQB23-LKGI-M3-03|Proaktiv|100|Zentrum Arbeit und Umwelt (ZAUG) gGmbH|01.01.2024|31.12.2024||2|50|31.12.2027|M3
AQB|3200|6|6|2023|AQB23-LKGI-M3-04|Auffordern statt Aufgeben (ASA)|55|Jugendwerkstatt Gießen gGmbH|01.01.2024|31.12.2024||2|30|31.12.2027|M3
AQB|3186|8|8|2023|AQB23-LKHR-M1-01|Leben und Sprache|95|VIA e. V.|01.11.2023|31.10.2024||2|20|31.07.2027|M1
AQB|3187|8|8|2023|AQB23-LKHR-M2-01|BAE VZ + TZ|95|VIA e. V.|01.08.2023|31.07.2027||1|4|31.07.2027|M2
AQB|3188|8|8|2023|AQB23-LKHR-M3-01|FBI - Flüchtlinge, Beruf. Integration|95|VIA e. V.|01.10.2023|31.08.2024||2|30|31.07.2027|M3
AQB|3240|11|11|2023|AQB23-LKKS-M1-02|Berufspatenprojekt|196|AGiL Gemeinnützige Arbeitsförderungsgesellschaft im Landkreis Kassel|01.09.2023|31.08.2024||1|30|31.12.2027|M1
AQB|3241|11|11|2023|AQB23-LKKS-M1-03|(HAPE) Sprachförderung und Qualifizierung neuzugewanderter Menschen im Bereich Hauswirtschaft, Alltagsunterstützung, Pflege und Erziehung|196|AGiL Gemeinnützige Arbeitsförderungsgesellschaft im Landkreis Kassel|01.09.2023|31.08.2024||1|8|31.12.2027|M1
AQB|3242|11|11|2023|AQB23-LKKS-M2-01|Ausbildung in eigenen Strukturen (Tischler/in, Hauswirtschaftler/in (ggf. Verlängerung bis 31.01.2027)|196|AGiL Gemeinnützige Arbeitsförderungsgesellschaft im Landkreis Kassel|01.09.2023|31.08.2026||1|2|31.12.2027|M2
AQB|3242|11|11|2023|AQB23-LKKS-M2-01|Ausbildung in eigenen Strukturen (Tischler/in, Hauswirtschaftler/in (ggf. Verlängerung bis 31.01.2027)|418|Eigenbetrieb des Landkreises Kassel - Jugend- und Freizeiteinrichtungen|01.09.2023|31.08.2026||1|2|31.12.2027|M2
AQB|3243|11|11|2023|AQB23-LKKS-M2-02|Teilzeitausbildung Verwaltung|173|Kreisausschuss des Landkreises Kassel|01.09.2023|31.08.2027||1|1|31.12.2027|M2
AQB|3243|11|11|2023|AQB23-LKKS-M2-02|Teilzeitausbildung Verwaltung|196|AGiL Gemeinnützige Arbeitsförderungsgesellschaft im Landkreis Kassel|01.09.2023|31.08.2027||1|1|31.12.2027|M2
AQB|3244|11|11|2023|AQB23-LKKS-M2-03|Ausbildung Maschinen- und Anlagenführer*in|106|Berufsbildungswerk Nordhessen (BBW Nordhessen)|01.09.2023|31.08.2026||2|5|31.12.2027|M2
AQB|3244|11|11|2023|AQB23-LKKS-M2-03|Ausbildung Maschinen- und Anlagenführer*in|196|AGiL Gemeinnützige Arbeitsförderungsgesellschaft im Landkreis Kassel|01.09.2023|31.08.2026||2|5|31.12.2027|M2
AQB|3245|11|11|2023|AQB23-LKKS-M2-04|stütz2learn - Stütz und Förderunterricht für Azubis, insbesondere mit Fluchthintergrund|196|AGiL Gemeinnützige Arbeitsförderungsgesellschaft im Landkreis Kassel|01.09.2023|31.08.2024||1|25|31.12.2027|M2
AQB|3246|11|11|2023|AQB23-LKKS-M3-01|WiN - beruflicher Wiedereinstieg in Nordhessen für Frauen|196|AGiL Gemeinnützige Arbeitsförderungsgesellschaft im Landkreis Kassel|01.01.2024|31.12.2024||1|50|31.12.2027|M3
AQB|3296|13|13|2023|AQB23-LKLW-M2-01|Intensiv begleitete integrative Ausbildung in festen Strukturen in Verbindung mit BaEint oder EQ|34|Gesellschaft für Ausbildung und Beschäftigung mbH|04.09.2023|31.12.2027||1|29|31.12.2027|M2
AQB|3297|13|13|2023|AQB23-LKLW-M2-02|Teilzeitausbildung Beratung, Coaching, Online-Angebote (-Zugänge)|34|Gesellschaft für Ausbildung und Beschäftigung mbH|01.08.2024|31.12.2028||1|2|31.12.2027|M2
AQB|3298|13|13|2023|AQB23-LKLW-M3-01|Berufsperspektive für Frauen und Männer|34|Gesellschaft für Ausbildung und Beschäftigung mbH|01.05.2023|31.12.2024||1|50|31.12.2027|M3
AQB|3191|16|16|2023|AQB23-LKMB-M1-01|Coaching Rückkehr- und # Ankunftsberatung TZ|361|Bildungswerk der hessischen Wirtschaft e.V.|01.11.2024|31.03.2027||13|65|31.12.2027|M1
AQB|3193|16|16|2023|AQB23-LKMB-M3-01|Frauenakademie 2023|361|Bildungswerk der hessischen Wirtschaft e.V.|01.04.2023|30.06.2025||7|483|31.12.2027|M3
AQB|3194|16|16|2023|AQB23-LKMB-M3-02|Voice Connects Marburg 2023|76|Praxis GmbH|01.05.2023|30.04.2025||6|450|31.12.2027|M3
AQB|3268|19|19|2023|AQB23-LKOF-M1-02|Wege in die Pflege|44|involas Institut für berufliche Bildung, Arbeitsmarkt- und Sozialpolitik GmbH|01.04.2023|31.12.2024||1|8|31.12.2027|M1
AQB|3272|19|19|2023|AQB23-LKOF-M1-06|Rückenwind|343|Stiftung LEBENSRÄUME|06.10.2023|04.10.2024||2|4|31.12.2027|M1
AQB|3273|19|19|2023|AQB23-LKOF-M1-07|Jugend aktiv|57|KIZ PROWINA pro Wirtschaft und neue Arbeit GmbH|06.04.2023|05.04.2025||2|24|31.12.2027|M1
AQB|3447|19|19|2023|AQB23-LKOF-M3-01|Einzelcoaching Frauen|102|Zentrum für Weiterbildung gGmbH Frankfurt|02.09.2024|01.09.2025||2|24|31.12.2027|M3
AQB|3277|23|23|2023|AQB23-LKWF-M1-02|MuT|108|Delta GmbH|13.05.2024|29.11.2024||1|8|31.12.2027|M1
AQB|3282|23|23|2023|AQB23-LKWF-M3-04|HifA # (Hilfen für Alleinerziehende)|108|Delta GmbH|18.03.2024|17.03.2025||2|24|31.12.2027|M3
AQB|3247|14|14|2023|AQB23-MKK-M1-01|Startklar! Kreativ ins Berufsleben|112|Gesellschaft für Wirtschaftskunde e. V.|01.08.2023|31.07.2024||1|16|28.02.2027|M1
AQB|3250|14|14|2023|AQB23-MKK-M2-01|Job mit Herz und Zukunft - Quereinstieg Erzieher/in|341|Gemeinnützige Gesellschaft für Arbeit, Qualifizierung und Ausbildung mbh|01.03.2024|31.07.2026||1|15|28.02.2027|M2
AQB|3252|14|14|2023|AQB23-MKK-M3-02|Berufsorientierung + Sprache für Menschen mit Migrationshintergrund|341|Gemeinnützige Gesellschaft für Arbeit, Qualifizierung und Ausbildung mbh|01.08.2023|30.04.2025||2|30|28.02.2027|M3
AQB|3253|14|14|2023|AQB23-MKK-M3-03|Karrierestart|341|Gemeinnützige Gesellschaft für Arbeit, Qualifizierung und Ausbildung mbh|01.01.2024|28.02.2027||2|30|28.02.2027|M3
AQB|3330|15|15|2023|AQB23-MTK-M1-01|Fit in den Beruf|298|Bildungswerk der hessischen Wirtschaft e. V. Hofheim|01.03.2023|31.07.2024||1|12|31.12.2027|M1
AQB|3332|15|15|2023|AQB23-MTK-M3-01|Arbeit & Sprache|396|Softdoor GmbH|01.11.2024|31.10.2026||6|72|31.12.2027|M3
AQB|3551|17|17|2023|AQB23-OWK-M3-06|Psychosoziales Coaching 2024|62|Kreisausschuss des Odenwaldkreises|01.08.2024|31.07.2025||1|0|31.12.2027|M3
AQB|3109|20|20|2023|AQB23-RTK-M2-01|Ausbildung "BAEREN-STARK"|103|ProJob Rheingau-Taunus GmbH|01.08.2024|31.07.2027||1|2|31.12.2027|M2
AQB|3111|20|20|2023|AQB23-RTK-M3-02|Sozialraumprojekt "Idstein"|103|ProJob Rheingau-Taunus GmbH|01.10.2023|30.09.2024||2|30|31.12.2027|M3
AQB|3149|21|21|2023|AQB23-SEK-M3-01|Job-Café - Eingliederung ins Berufsleben|84|Starthilfe Ausbildungsverbund Schwalm-Eder e.V.|01.04.2023|31.03.2025||3|130|31.12.2027|M3
AQB|3150|21|21|2023|AQB23-SEK-M3-02|in work - der Beschäftigungscoach|247|Schwalm-Eder-Kreis|01.07.2023|31.12.2026||15|300|31.12.2027|M3
AQB|3303|3|3|2023|AQB23-STDA-M1-01|Jugendatelier|97|Werkhof Darmstadt e. V.|01.09.2023|31.08.2026||3|30|31.12.2027|M1
AQB|3304|3|3|2023|AQB23-STDA-M1-02|Chance Aktiv deutsch - Eberstadt|12|Bildungswerk der hessischen Wirtschaft e. V. Darmstadt|01.09.2023|31.08.2025||2|18|31.12.2027|M1
AQB|3305|3|3|2023|AQB23-STDA-M1-03|Chance 2.0 PaMo|12|Bildungswerk der hessischen Wirtschaft e. V. Darmstadt|01.09.2023|31.08.2025||1|9|31.12.2027|M1
AQB|3306|3|3|2023|AQB23-STDA-M1-04|Deutschförderung für Jugendliche in Beschäftigungsmaßnahmen|423|Volkshochschule Darmstadt|01.09.2023|31.08.2024||1|10|31.12.2027|M1
AQB|3284|10|10|2023|AQB23-STKS-M1-01|InMigra - Integrationsmaßnahmen für SuS mit oder ohne Abschluss|70|Magistrat der Stadt Kassel|01.09.2023|31.08.2024||1|70|31.12.2027|M1
AQB|3285|10|10|2023|AQB23-STKS-M2-01|Ausbildung 3 Jahre - kooperatives BaE-Modell|175|StadtBild gemeinnützige GmbH|01.09.2023|31.08.2026||1|3|31.12.2027|M2
AQB|3286|10|10|2023|AQB23-STKS-M2-02|Ausbildung 3 Jahre - integratives BaE-Modell|175|StadtBild gemeinnützige GmbH|01.09.2023|31.08.2026||1|5|31.12.2027|M2
AQB|3322|10|10|2023|AQB23-STKS-M2-04|Berufsbezogenes Azubi-Sprachcoaching für Nicht-Muttersprachler/innen|70|Magistrat der Stadt Kassel|01.08.2023|31.12.2027||1|28|31.12.2027|M2
AQB|3287|10|10|2023|AQB23-STKS-M3-01|Sprachkurse für Geflüchtete - A2 u. B1 u. (neu) f.d. Vorbereitung v. Zweitprüfungen|70|Magistrat der Stadt Kassel|01.08.2023|31.12.2025||1|70|31.12.2027|M3
AQB|3323|10|10|2023|AQB23-STKS-M3-02|Sprachkurs für Mütter mit Kinderbetreuung - Sprachcafé|70|Magistrat der Stadt Kassel|01.05.2023|31.12.2024||2|30|31.12.2027|M3
AQB|3323|10|10|2023|AQB23-STKS-M3-02|Sprachkurs für Mütter mit Kinderbetreuung - Sprachcafé|73|Outlaw Kassel GmbH|01.05.2023|31.12.2024||2|30|31.12.2027|M3
AQB|3324|10|10|2023|AQB23-STKS-M3-03|Anerkennungsberatung und -begleitung für Geflüchtete mit ausländ. Berufsabschluss|70|Magistrat der Stadt Kassel|01.07.2023|31.12.2024||1|20|31.12.2027|M3
AQB|3230|18|18|2023|AQB23-STOF-M2-01|BaE Teilzeit|10|Berufsbildungswerk Südhessen|01.07.2023|31.12.2027||2|10|31.12.2027|M2
AQB|3230|18|18|2023|AQB23-STOF-M2-01|BaE Teilzeit|67|Lernwerkstatt Offenbach|01.07.2023|31.12.2027||2|10|31.12.2027|M2
AQB|3235|18|18|2023|AQB23-STOF-M3-04|Coaching von jungen Wohnungssuchenden|57|KIZ PROWINA pro Wirtschaft und neue Arbeit GmbH|01.01.2024|31.12.2024||1|8|31.12.2027|M3
AQB|3236|18|18|2023|AQB23-STOF-M3-05|Familiencoaching für bulgarische Familien|71|MainArbeit Kommunales Jobcenter|01.01.2024|31.12.2024||1|25|31.12.2027|M3
AQB|3090|26|26|2023|AQB23-STWI-M1-01|Fit in den Beruf (FIB)|16|Bildungswerk der hessischen Wirtschaft e. V. Wiesbaden|01.09.2023|31.08.2024||1|32|31.12.2027|M1
AQB|3091|26|26|2023|AQB23-STWI-M1-02|Hinein in den Beruf (HIB)|155|BauHaus Werkstätten Wiesbaden GmbH|01.09.2023|31.08.2024||1|24|31.12.2027|M1
AQB|3093|26|26|2023|AQB23-STWI-M1-04|Beziehung-Beratung-Berufsorientierung (BBBO)|218|Stadt Wiesbaden, Amt für Soziale Arbeit, Schulsozialarbeit|01.01.2023|31.12.2025||1|60|31.12.2027|M1
AQB|3095|26|26|2023|AQB23-STWI-M2-01|BaE kooperativ|33|FRESKO e.V.|01.08.2023|14.08.2027||1|36|31.12.2027|M2
AQB|3096|26|26|2023|AQB23-STWI-M2-02|BaE kooperativ|16|Bildungswerk der hessischen Wirtschaft e. V. Wiesbaden|01.08.2023|14.08.2027||1|36|31.12.2027|M2
AQB|3097|26|26|2023|AQB23-STWI-M3-01|Stadtteilmütter - Stadtteilväter|436|AWO Kreisverband Wiesbaden e.V.|01.09.2024|31.01.2026||1|8|31.12.2027|M3
AQB|3099|26|26|2023|AQB23-STWI-M3-03|Coaching für die Bedarfsgemeinschaft|155|BauHaus Werkstätten Wiesbaden GmbH|01.01.2024|31.03.2024||1|50|31.12.2027|M3
AQB|3178|22|22|2023|AQB23-VBK-M3-01|Lesen und Schreiben|224|Volkshochschule Lauterbach|01.05.2023|31.12.2024||4|40|31.12.2027|M3
AQB|3180|22|22|2023|AQB23-VBK-M3-03|Coaches in der Region|15|Bildungswerk der hessischen Wirtschaft e. V. Gießen|01.10.2023|30.09.2025||1|44|31.12.2027|M3
AQB|3134|25|25|2023|AQB23-WAUK-M1-01|JobGo|222|Trockendock e. V., Regionale Dienstleistungen Wetterau|01.08.2023|31.07.2025||3|24|31.12.2027|M1
AQB|3137|25|25|2023|AQB23-WAUK-M2-01|geförderte Ausbildung in Teilzeit|14|Bildungswerk der hessischen Wirtschaft e. V. Frankfurt|01.09.2023|31.12.2027||1|8|31.12.2027|M2
AQB|3138|25|25|2023|AQB23-WAUK-M2-02|VITA|451|Jobcenter Wetterau|01.04.2024|31.03.2025||1|10|31.12.2027|M2
AQB|3140|25|25|2023|AQB23-WAUK-M3-02|ViTZ|399|GSM Training & Integration GmbH Produktentwicklung|01.03.2024|31.08.2025||3|30|31.12.2027|M3
AQB|3151|24|24|2023|AQB23-WMK-M2-01|Ausbildungsbegleitende Unterstützung|93|Volkshochschule Werra-Meißner|01.08.2023|31.07.2027||1|30|31.12.2027|M2
AQB|3151|24|24|2023|AQB23-WMK-M2-01|Ausbildungsbegleitende Unterstützung|99|Werkstatt für junge Menschen e. V.|01.08.2023|31.07.2027||1|30|31.12.2027|M2
AQB|3156|24|24|2023|AQB23-WMK-M3-04|ZAK - Zukunft Ausbildung im Kreis|99|Werkstatt für junge Menschen e. V.|01.01.2023|30.06.2024||1|25|31.12.2027|M3
AQB|3157|24|24|2023|AQB23-WMK-M3-05|(RE)START - Neue Wege, neue Chancen|93|Volkshochschule Werra-Meißner|01.07.2023|30.06.2025||1|30|31.12.2027|M3
AQB|3420|1|1|2024|AQB24-BSTR-M1-01|Vorbereitung TZ Ausbildung|422|Sprache und Bildung GmbH|01.10.2024|30.09.2025||2|24|31.12.2028|M1
AQB|3421|1|1|2024|AQB24-BSTR-M1-02|Berufliche Erstorientierung U25 Bergstraße|140|USS GmbH Sinsheim|01.09.2024|31.08.2025||3|30|31.12.2028|M1
AQB|3422|1|1|2024|AQB24-BSTR-M1-03|Ausbildungsvorbereitung|140|USS GmbH Sinsheim|01.09.2024|31.08.2025||1|12|31.12.2028|M1
AQB|3423|1|1|2024|AQB24-BSTR-M3-01|Absolventenmanagement II|72|Neue Wege Kreis Bergstraße - Komm. Jobcenter|01.01.2024|31.12.2025||2|400|31.12.2028|M3
AQB|3424|1|1|2024|AQB24-BSTR-M3-02|Sprachkursbegleitende Unterstützung Bensheim|422|Sprache und Bildung GmbH|01.09.2024|31.08.2025||3|180|31.12.2028|M3
AQB|3425|1|1|2024|AQB24-BSTR-M3-03|Sprachkursbegleitende Unterstützung Viernheim|279|Lernmobil e.V.|01.09.2024|31.08.2025||3|180|31.12.2028|M3
AQB|3426|1|1|2024|AQB24-BSTR-M3-04|Digi Ukraine I|363|SRH Berufsbildungswerk Neckargemünd|01.11.2024|30.10.2025||1|20|31.12.2028|M3
AQB|3374|2|2|2024|AQB24-DADI-M2-01|KarriereZeit - individuelle Beratung Teilzeitausbildungen|257|Zentrum für Weiterbildung gGmbH Darmstadt|01.03.2024|31.12.2024||1|25|31.01.2028|M2
AQB|3375|2|2|2024|AQB24-DADI-M3-01|Mehrsprachige Gesundheitsberatung inkl. Qualifizierungsanteil|257|Zentrum für Weiterbildung gGmbH Darmstadt|01.09.2024|31.08.2026||1|300|31.01.2028|M3
AQB|3376|2|2|2024|AQB24-DADI-M3-02|Projekt Alphabetisierung|68|Kreisausschuss des Landkreises Darmstadt-Dieburg|01.01.2024|31.12.2024||1|60|31.01.2028|M3
AQB|3434|4|4|2024|AQB24-FFM-M1-01|Vorlauf BaE kooperativ TZ, verschiedene Berufe|90|VbFF - Verein zur beruflichen Förderung von Frauen e. V.|15.03.2024|15.09.2024||1|5|31.12.2028|M1
AQB|3435|4|4|2024|AQB24-FFM-M1-02|Vorlauf BaE kfm. Berufe in TZ|90|VbFF - Verein zur beruflichen Förderung von Frauen e. V.|15.03.2024|14.09.2024||1|9|31.12.2028|M1
AQB|3436|4|4|2024|AQB24-FFM-M1-03|Vorkurs Ausbildung 25 Plus (VZ/TZ)|90|VbFF - Verein zur beruflichen Förderung von Frauen e. V.|01.01.2024|31.12.2026||6|72|31.12.2028|M1
AQB|3437|4|4|2024|AQB24-FFM-M1-04|Joblinge|52|Joblinge gAG Frankfurt|01.01.2024|31.12.2025||8|60|31.12.2028|M1
AQB|3438|4|4|2024|AQB24-FFM-M2-01|Ausbildungsbegleitung BaE kooperative in TZ, verschiedene Berufe|90|VbFF - Verein zur beruflichen Förderung von Frauen e. V.|01.08.2024|31.07.2027||1|5|31.12.2028|M2
AQB|3439|4|4|2024|AQB24-FFM-M2-02|BaE Erstausbildung in TZ f. junge Mütter, kfm. Berufe|90|VbFF - Verein zur beruflichen Förderung von Frauen e. V.|01.08.2024|31.07.2027||1|9|31.12.2028|M2
AQB|3440|4|4|2024|AQB24-FFM-M2-03|Ausbildung 25 Plus (VZ/TZ)|90|VbFF - Verein zur beruflichen Förderung von Frauen e. V.|01.01.2024|31.12.2028||1|25|31.12.2028|M2
AQB|3441|4|4|2024|AQB24-FFM-M2-04|Rothschild: Inklusives Gastro-Quali-Ausbildungsprojekt|241|Ev. Verein für Jugendsozialarbeit e.V.|01.01.2024|31.12.2024||1|30|31.12.2028|M2
AQB|3442|4|4|2024|AQB24-FFM-M2-05|Ausbildung für Flüchtlinge|238|Smart-work-Frankfurt gGmbH|01.01.2024|31.12.2024||1|4|31.12.2028|M2
AQB|3443|4|4|2024|AQB24-FFM-M3-01|ZukEr - Zukunft Erziehung|8|Berami berufliche Integration e. V.|01.01.2024|31.12.2025||4|64|31.12.2028|M3
AQB|3444|4|4|2024|AQB24-FFM-M3-02|Angekommen!|8|Berami berufliche Integration e. V.|01.01.2024|31.12.2025||4|120|31.12.2028|M3
AQB|3351|9|9|2024|AQB24-HTK-M1-01|PeTz 2.0|429|GSM Training & Integration GmbH|03.02.2025|30.01.2026||1|10|31.12.2028|M1
AQB|3352|9|9|2024|AQB24-HTK-M2-01|Ausbildungsbegleitung Pflege|180|basa e.V.|01.06.2024|31.05.2026||2|16|31.12.2028|M2
AQB|3353|9|9|2024|AQB24-HTK-M3-01|SPRINT Männer|366|Bildungswerk der hessischen Wirtschaft e. V., Bad Homburg|01.10.2024|30.09.2028||8|80|31.12.2028|M3
AQB|3354|9|9|2024|AQB24-HTK-M3-02|SPRINT Frauen|366|Bildungswerk der hessischen Wirtschaft e. V., Bad Homburg|01.12.2024|30.11.2025||2|20|31.12.2028|M3
AQB|3355|9|9|2024|AQB24-HTK-M3-03|Cura|366|Bildungswerk der hessischen Wirtschaft e. V., Bad Homburg|01.11.2024|31.10.2025||2|20|31.12.2028|M3
AQB|3392|12|12|2024|AQB24-LDK-M1-01|Ausbildungsvorbereitung|36|Gesellschaft für Wirtschaftsförderung mbH|01.07.2024|30.09.2024||1|10|31.12.2028|M1
AQB|3393|12|12|2024|AQB24-LDK-M2-01|Integrative Ausbildung Plus|36|Gesellschaft für Wirtschaftsförderung mbH|01.09.2024|31.08.2028||1|12|31.12.2028|M2
AQB|3394|12|12|2024|AQB24-LDK-M3-01|Lernwerkstatt digital|411|Arbeitsloseninitiative im Lahn-Dill-Kreis e. V.|01.07.2024|30.06.2025||1|30|31.12.2028|M3
AQB|3396|12|12|2024|AQB24-LDK-M3-03|Kompetenzförderung für Menschen im Langzeitbezug|411|Arbeitsloseninitiative im Lahn-Dill-Kreis e. V.|01.01.2024|31.12.2024||1|30|31.12.2028|M3
AQB|3397|12|12|2024|AQB24-LDK-M3-04|ViA - Vital und Aktiv|391|Bildungswerk der hessischen Wirtschaft e. V. Dillenburg|01.07.2024|30.06.2025||2|90|31.12.2028|M3
AQB|3398|12|12|2024|AQB24-LDK-M3-05|Jump in|36|Gesellschaft für Wirtschaftsförderung mbH|01.09.2024|31.08.2025||1|50|31.12.2028|M3
AQB|3448|5|5|2024|AQB24-LKFD-M1-01|Erziehende im Fokus - Unterstützungsstelle für berufliche Qualifizierung (EiF) - Modul 1|39|Grümel gemeinnützige GmbH|01.09.2024|31.08.2025||1|12|31.07.2028|M1
AQB|3449|5|5|2024|AQB24-LKFD-M1-02|Neue Wege Pflegen|453|DRK Kreisverband Fulda e.V.|01.10.2024|30.09.2025||3|30|31.07.2028|M1
AQB|3450|5|5|2024|AQB24-LKFD-M2-01|Erziehende im Fokus - Unterstützungsstelle für berufliche Qualifizierung (EiF) - Modul 2|39|Grümel gemeinnützige GmbH|01.09.2025|31.08.2026||1|6|31.07.2028|M2
AQB|3451|5|5|2024|AQB24-LKFD-M3-01|Sprachkurse (rechtskreisoffen) für Geflüchtete mit unterschiedlichen Sprachniveau|39|Grümel gemeinnützige GmbH|01.01.2024|31.12.2025||6|90|31.07.2028|M3
AQB|3451|5|5|2024|AQB24-LKFD-M3-01|Sprachkurse (rechtskreisoffen) für Geflüchtete mit unterschiedlichen Sprachniveau|92|Volkshochschule des Landkreises Fulda|01.01.2024|31.12.2025||6|90|31.07.2028|M3
AQB|3453|5|5|2024|AQB24-LKFD-M3-03|Kompetenzfeststellung im Betrieb|15|Bildungswerk der hessischen Wirtschaft e. V. Gießen|01.09.2024|30.06.2025||8|80|31.07.2028|M3
AQB|3428|7|7|2024|AQB24-LKGG-M1-01|FAuB|12|Bildungswerk der hessischen Wirtschaft e. V. Darmstadt|01.09.2024|31.08.2025||1|20|31.12.2028|M1
AQB|3428|7|7|2024|AQB24-LKGG-M1-01|FAuB|102|Zentrum für Weiterbildung gGmbH Frankfurt|01.09.2024|31.08.2025||1|20|31.12.2028|M1
AQB|3429|7|7|2024|AQB24-LKGG-M1-02|PersA|3|Ausbildungsverbund Metall gGmbH|01.01.2024|31.12.2024||1|16|31.12.2028|M1
AQB|3430|7|7|2024|AQB24-LKGG-M2-01|BaE int Kofi EGT|3|Ausbildungsverbund Metall gGmbH|01.09.2024|31.12.2027||1|5|31.12.2028|M2
AQB|3431|7|7|2024|AQB24-LKGG-M2-02|BaE int rechtskreisfrei|3|Ausbildungsverbund Metall gGmbH|01.09.2024|31.12.2028||1|5|31.12.2028|M2
AQB|3432|7|7|2024|AQB24-LKGG-M3-01|Fachstelle Neuzugewanderte|51|Jobcenter Groß-Gerau|01.01.2024|31.12.2024||1|40|31.12.2028|M3
AQB|3557|6|6|2024|AQB24-LKGI-M1-01|BOM Hungen, Berufsorientierung an Schulen|136|Institut für Berufs- und Sozialpädagogik gGmbH|01.08.2024|31.07.2027||3|75|31.12.2028|M1
AQB|3558|6|6|2024|AQB24-LKGI-M1-02|"FiT" Fachkräftegewinnung im Teilzeitmodell|100|Zentrum Arbeit und Umwelt (ZAUG) gGmbH|01.01.2024|31.12.2028||1|150|31.12.2028|M1
AQB|3559|6|6|2024|AQB24-LKGI-M1-03|Dreisprung in Ausbildung|100|Zentrum Arbeit und Umwelt (ZAUG) gGmbH|01.01.2024|31.12.2024||1|50|31.12.2028|M1
AQB|3560|6|6|2024|AQB24-LKGI-M2-01|BaE - Berufsausbildung in außerbetrieblichen Einrichtungen|100|Zentrum Arbeit und Umwelt (ZAUG) gGmbH|01.09.2024|31.08.2026||1|10|31.12.2028|M2
AQB|3560|6|6|2024|AQB24-LKGI-M2-01|BaE - Berufsausbildung in außerbetrieblichen Einrichtungen|135|IJB - Gemeinnützige Gesellschaft für Integration, Jugend und Berufsausbildung mbH|01.09.2024|31.08.2026||1|10|31.12.2028|M2
AQB|3561|6|6|2024|AQB24-LKGI-M3-01|Plan B - Psychosoziale Beratung für Personen im SGB II-Bezug|32|Förderverein für seelische Gesundheit e. V.|01.01.2024|31.12.2024||2|50|31.12.2028|M3
AQB|3562|6|6|2024|AQB24-LKGI-M3-02|Aufbruch im Alltag|55|Jugendwerkstatt Gießen gGmbH|01.01.2025|31.12.2025||2|30|31.12.2028|M3
AQB|3563|6|6|2024|AQB24-LKGI-M3-03|Wegbereiter in den Alltag|18|Caritas Verband Gießen e. V.|01.01.2024|31.12.2024||2|60|31.12.2028|M3
AQB|3564|6|6|2024|AQB24-LKGI-M3-04|Power-UP|100|Zentrum Arbeit und Umwelt (ZAUG) gGmbH|01.01.2025|31.12.2025||2|30|31.12.2028|M3
AQB|3367|8|8|2024|AQB24-LKHR-M1-01|Vorschaltmaßnahme BaE (TZ)|95|VIA e. V.|01.01.2024|31.07.2024||1|12|31.07.2028|M1
AQB|3368|8|8|2024|AQB24-LKHR-M1-02|Leben und Sprache II|95|VIA e. V.|01.11.2024|31.10.2025||2|24|31.07.2028|M1
AQB|3369|8|8|2024|AQB24-LKHR-M2-01|BaE TZ + VZ|95|VIA e. V.|01.08.2024|31.07.2028||1|4|31.07.2028|M2
AQB|3370|8|8|2024|AQB24-LKHR-M3-01|FBI 2024/2025|95|VIA e. V.|01.09.2024|30.06.2025|5|2|30|31.07.2028|M3
AQB|3537|8|8|2024|AQB24-LKHR-M3-03|Digitales Angebot|95|VIA e. V.|01.08.2024|31.07.2025||1|0|31.07.2028|M3
AQB|3477|11|11|2024|AQB24-LKKS-M1-01|Ausbildungsvorbereitung|196|AGiL Gemeinnützige Arbeitsförderungsgesellschaft im Landkreis Kassel|01.06.2024|31.05.2025||1|8|31.01.2028|M1
AQB|3478|11|11|2024|AQB24-LKKS-M1-02|Berufspatenprojekt|196|AGiL Gemeinnützige Arbeitsförderungsgesellschaft im Landkreis Kassel|01.09.2024|31.08.2025||1|25|31.01.2028|M1
AQB|3479|11|11|2024|AQB24-LKKS-M1-03|HAPE - Sprachliche und berufliche Qualifizierung neuzugewanderter Menschen|196|AGiL Gemeinnützige Arbeitsförderungsgesellschaft im Landkreis Kassel|01.09.2024|31.08.2025||1|10|31.01.2028|M1
AQB|3480|11|11|2024|AQB24-LKKS-M1-04|JobMentoring|173|Kreisausschuss des Landkreises Kassel|01.01.2024|31.12.2024||1|15|31.01.2028|M1
AQB|3482|11|11|2024|AQB24-LKKS-M1-05|Übergangsbegleitung beim Risiko Schulvermeidung - DEINE CHANCE|196|AGiL Gemeinnützige Arbeitsförderungsgesellschaft im Landkreis Kassel|01.01.2024|31.12.2024||1|18|31.01.2028|M1
AQB|3483|11|11|2024|AQB24-LKKS-M2-01|Ausbildung in eigenen Strukturen /Ausbildung zum/zur Gärtner*in|173|Kreisausschuss des Landkreises Kassel|01.09.2024|31.08.2027||1|1|31.01.2028|M2
AQB|3483|11|11|2024|AQB24-LKKS-M2-01|Ausbildung in eigenen Strukturen /Ausbildung zum/zur Gärtner*in|196|AGiL Gemeinnützige Arbeitsförderungsgesellschaft im Landkreis Kassel|01.09.2024|31.08.2027||1|1|31.01.2028|M2
AQB|3484|11|11|2024|AQB24-LKKS-M2-02|Teilzeit-Ausbildung -Verwaltungsfachgestellte/r|173|Kreisausschuss des Landkreises Kassel|01.09.2024|31.08.2027||1|1|31.01.2028|M2
AQB|3484|11|11|2024|AQB24-LKKS-M2-02|Teilzeit-Ausbildung -Verwaltungsfachgestellte/r|196|AGiL Gemeinnützige Arbeitsförderungsgesellschaft im Landkreis Kassel|01.09.2024|31.08.2027||1|1|31.01.2028|M2
AQB|3485|11|11|2024|AQB24-LKKS-M2-03|Ausbildung Maschinen- und Anlagenführer/in|106|Berufsbildungswerk Nordhessen (BBW Nordhessen)|01.09.2024|31.08.2026||1|4|31.01.2028|M2
AQB|3485|11|11|2024|AQB24-LKKS-M2-03|Ausbildung Maschinen- und Anlagenführer/in|196|AGiL Gemeinnützige Arbeitsförderungsgesellschaft im Landkreis Kassel|01.09.2024|31.08.2026||1|4|31.01.2028|M2
AQB|3486|11|11|2024|AQB24-LKKS-M2-04|stütz2learn-Stütz-und Förderunterricht für junge Menschen (mit Migrationshintergrund) in Ausbildung|196|AGiL Gemeinnützige Arbeitsförderungsgesellschaft im Landkreis Kassel|01.09.2024|31.08.2025||1|25|31.01.2028|M2
AQB|3488|11|11|2024|AQB24-LKKS-M3-01|WiN-beruflicher Wiedereinstieg für Frauen in Nordhessen|196|AGiL Gemeinnützige Arbeitsförderungsgesellschaft im Landkreis Kassel|01.01.2025|31.12.2025||1|50|31.01.2028|M3
AQB|3469|13|13|2024|AQB24-LKLW-M1-01|Ausbildungsvorbereitungsplätze für Benachteiligte|34|Gesellschaft für Ausbildung und Beschäftigung mbH|15.07.2024|23.08.2024||1|25|31.12.2028|M1
AQB|3555|13|13|2024|AQB24-LKLW-M1-02|Berufsvorbereitung/TZ-Ausbildung, Beratung, Coaching, Online-Angebot (-Zugänge)|34|Gesellschaft für Ausbildung und Beschäftigung mbH|01.05.2024|31.12.2024||2|12|31.12.2028|M1
AQB|3473|13|13|2024|AQB24-LKLW-M2-01|Intensiv begleitete Ausbildung in festen Strukturen BaE integrativ|34|Gesellschaft für Ausbildung und Beschäftigung mbH|26.08.2024|31.12.2027||1|4|31.12.2028|M2
AQB|3476|13|13|2024|AQB24-LKLW-M2-02|Intensiv begleitete integrative Grundausbildung in festen Strukturen in Verbindung mit EQ|34|Gesellschaft für Ausbildung und Beschäftigung mbH|26.08.2024|31.12.2027||2|18|31.12.2028|M2
AQB|3556|13|13|2024|AQB24-LKLW-M2-03|Intensiv begleitete kooperative Ausbildung mit integrativen Beginn in den Ausbildungswerkstätten|34|Gesellschaft für Ausbildung und Beschäftigung mbH|26.08.2024|31.12.2028||1|7|31.12.2028|M2
AQB|3481|13|13|2024|AQB24-LKLW-M3-01|Qualifizierungs-, Bewerbungs- u. Sprachunterstützungszentrum|34|Gesellschaft für Ausbildung und Beschäftigung mbH|01.04.2024|31.12.2025||1|90|31.12.2028|M3
AQB|3362|16|16|2024|AQB24-LKMB-M2-01|BaE Teilzeit 2024|361|Bildungswerk der hessischen Wirtschaft e.V.|01.07.2024|31.03.2028||1|3|31.08.2028|M2
AQB|3363|16|16|2024|AQB24-LKMB-M3-01|POINT 2024|29|Integral gGmbH|01.01.2024|31.12.2025||4|240|31.08.2028|M3
AQB|3407|19|19|2024|AQB24-LKOF-M1-01|Jugend Flex|151|USS GmbH Offenbach|01.10.2024|30.09.2026||4|40|31.08.2028|M1
AQB|3410|19|19|2024|AQB24-LKOF-M2-01|Begleitete Ausbildung|52|Joblinge gAG Frankfurt|01.07.2024|30.06.2028||2|30|31.08.2028|M2
AQB|3465|23|23|2024|AQB24-LKWF-M1-01|AVIA (Aktivierung und Vermittlung von Migranten)|108|Delta GmbH|21.10.2024|20.01.2025||1|10|31.12.2028|M1
AQB|3466|23|23|2024|AQB24-LKWF-M1-02|Start up U28 (Aktivierung von unter 28-jähringen)|108|Delta GmbH|01.11.2024|31.03.2028||3|30|31.12.2028|M1
AQB|3467|23|23|2024|AQB24-LKWF-M1-03|MuT NORD|108|Delta GmbH|01.12.2024|30.06.2025||1|8|31.12.2028|M1
AQB|3468|23|23|2024|AQB24-LKWF-M1-04|MuT SÜD|108|Delta GmbH|13.05.2024|29.11.2024||1|8|31.12.2028|M1
AQB|3470|23|23|2024|AQB24-LKWF-M3-01|restart (2)|108|Delta GmbH|17.04.2024|29.10.2024||1|60|31.12.2028|M3
AQB|3471|23|23|2024|AQB24-LKWF-M3-02|HifA (Hilfe für Alleinerziehende)|108|Delta GmbH|18.03.2025|17.03.2026||2|24|31.12.2028|M3
AQB|3472|23|23|2024|AQB24-LKWF-M3-03|Vermittlungscoach (Bad Wildungen)|108|Delta GmbH|01.06.2024|31.03.2025||2|24|31.12.2028|M3
AQB|3474|23|23|2024|AQB24-LKWF-M3-04|SobiE (Soziale und berufliche Integration Erwerbsgeminderter)|108|Delta GmbH|15.08.2024|25.04.2025||1|10|31.12.2028|M3
AQB|3475|23|23|2024|AQB24-LKWF-M3-05|FiB (Fit für die Berufswelt)|108|Delta GmbH|06.05.2024|20.11.2024||3|48|31.12.2028|M3
AQB|3489|14|14|2024|AQB24-MKK-M1-01|Startklar! - Kreativ ins Berufsleben|112|Gesellschaft für Wirtschaftskunde e. V.|01.08.2024|31.07.2025||1|16|30.04.2028|M1
AQB|3490|14|14|2024|AQB24-MKK-M1-02|Team-Camp|341|Gemeinnützige Gesellschaft für Arbeit, Qualifizierung und Ausbildung mbh|01.01.2024|31.12.2024||1|12|30.04.2028|M1
AQB|3491|14|14|2024|AQB24-MKK-M1-03|Ausbildung - Mein Ziel + Sprache|341|Gemeinnützige Gesellschaft für Arbeit, Qualifizierung und Ausbildung mbh|01.07.2024|30.06.2025||1|15|30.04.2028|M1
AQB|3492|14|14|2024|AQB24-MKK-M1-04|Der kleine Roboterschein (Einführung in die Robotik)|341|Gemeinnützige Gesellschaft für Arbeit, Qualifizierung und Ausbildung mbh|01.01.2025|30.11.2025||3|45|30.04.2028|M1
AQB|3493|14|14|2024|AQB24-MKK-M1-05|Der große Roboterschein (Aufbauseminar Robotik)|341|Gemeinnützige Gesellschaft für Arbeit, Qualifizierung und Ausbildung mbh|01.09.2025|28.02.2026||1|15|30.04.2028|M1
AQB|3494|14|14|2024|AQB24-MKK-M1-06|Teilzeitausbildung - Wie geht das? Kurs|341|Gemeinnützige Gesellschaft für Arbeit, Qualifizierung und Ausbildung mbh|01.04.2024|31.12.2027|5|11|165|30.04.2028|M1
AQB|3495|14|14|2024|AQB24-MKK-M3-01|Berufsorientierung und Sprache für Menschen mit Migrationshintergrund|341|Gemeinnützige Gesellschaft für Arbeit, Qualifizierung und Ausbildung mbh|30.09.2024|31.03.2026||2|30|30.04.2028|M3
AQB|3496|14|14|2024|AQB24-MKK-M3-02|Altenpflegehilfe + Sprache|341|Gemeinnützige Gesellschaft für Arbeit, Qualifizierung und Ausbildung mbh|01.04.2026|31.03.2028||1|18|30.04.2028|M3
AQB|3497|14|14|2024|AQB24-MKK-M3-03|GaLa + Sprache - Das grüne Projekt|341|Gemeinnützige Gesellschaft für Arbeit, Qualifizierung und Ausbildung mbh|01.04.2025|30.09.2025||1|15|30.04.2028|M3
AQB|3546|15|15|2024|AQB24-MTK-M1-01|ÜSBZ - Übergang Schule in Berufliche Zukunft|454|Regionale Diakonie Main-Taunus|01.08.2024|31.07.2026||1|0|31.12.2028|M1
AQB|3547|15|15|2024|AQB24-MTK-M3-01|BENAV (Beratung, Entwicklung, Neuorientierung, Aktivierung und Vermittlung)|412|Kommunales Jobcenter Main-Taunus-Kreis|01.09.2024|31.08.2026||8|400|31.12.2028|M3
AQB|3401|17|17|2024|AQB24-OWK-M3-01|BuILD - Begrüßen und integrieren - Leben in Deutschland|43|InA gGmbH, Arbeitgeber- und Personalservice|01.07.2024|30.06.2025||2|60|31.12.2028|M3
AQB|3402|17|17|2024|AQB24-OWK-M3-02|Digital-Praxis|43|InA gGmbH, Arbeitgeber- und Personalservice|01.08.2024|31.07.2025||1|8|31.12.2028|M3
AQB|3403|17|17|2024|AQB24-OWK-M3-03|Potential - Erweiterte Potentialanalyse|43|InA gGmbH, Arbeitgeber- und Personalservice|01.07.2024|30.06.2028|10|12|480|31.12.2028|M3
AQB|3404|17|17|2024|AQB24-OWK-M3-04|Bus - Sozialraumorientierung 1.0|43|InA gGmbH, Arbeitgeber- und Personalservice|01.10.2024|30.06.2025||1|8|31.12.2028|M3
AQB|3382|20|20|2024|AQB24-RTK-M1-02|Vorfeldphase BAEREN-STARK|103|ProJob Rheingau-Taunus GmbH|01.08.2024|31.07.2025||1|8|31.12.2028|M1
AQB|3383|20|20|2024|AQB24-RTK-M2-01|Ausbildung BAEREN-STARK|103|ProJob Rheingau-Taunus GmbH|01.08.2025|31.07.2028||1|2|31.12.2028|M2
AQB|3384|20|20|2024|AQB24-RTK-M3-01|Aktiv in die Zukunft|104|Kreisausschuss des Rheingau-Taunus-Kreises|01.01.2024|31.12.2024||1|10|31.12.2028|M3
AQB|3385|20|20|2024|AQB24-RTK-M3-02|Sozialraumprojekt für Langzeitarbeitslose und Flüchtlinge SGB II|103|ProJob Rheingau-Taunus GmbH|01.10.2024|30.09.2025||2|30|31.12.2028|M3
AQB|3387|20|20|2024|AQB24-RTK-M3-04|"NAVI" - Neuausrichtung Aktivierung Vermittlung Integration|103|ProJob Rheingau-Taunus GmbH|01.05.2024|30.04.2025||2|70|31.12.2028|M3
AQB|3388|20|20|2024|AQB24-RTK-M3-05|Projekt "Video24" - Projekt zur Stärkung der digitalen Medienkompetenz|103|ProJob Rheingau-Taunus GmbH|01.07.2024|30.06.2025||2|16|31.12.2028|M3
AQB|3389|20|20|2024|AQB24-RTK-M3-06|Projekt "DigiStart24"|103|ProJob Rheingau-Taunus GmbH|01.07.2024|30.06.2025||2|16|31.12.2028|M3
AQB|3462|21|21|2024|AQB24-SEK-M1-01|discoverMINT|54|Jugendwerkstatt Felsberg|01.09.2024|31.03.2025||1|10|31.12.2028|M1
AQB|3463|21|21|2024|AQB24-SEK-M3-01|Help Point u27 - Jugendförderung Schwalm-Eder|54|Jugendwerkstatt Felsberg|01.07.2024|30.06.2026||1|450|31.12.2028|M3
AQB|3463|21|21|2024|AQB24-SEK-M3-01|Help Point u27 - Jugendförderung Schwalm-Eder|84|Starthilfe Ausbildungsverbund Schwalm-Eder e.V.|01.07.2024|30.06.2026||1|450|31.12.2028|M3
AQB|3463|21|21|2024|AQB24-SEK-M3-01|Help Point u27 - Jugendförderung Schwalm-Eder|247|Schwalm-Eder-Kreis|01.07.2024|30.06.2026||1|450|31.12.2028|M3
AQB|3463|21|21|2024|AQB24-SEK-M3-01|Help Point u27 - Jugendförderung Schwalm-Eder|266|Hephata Berufshilfe|01.07.2024|30.06.2026||1|450|31.12.2028|M3
AQB|3509|3|3|2024|AQB24-STDA-M1-01|Chance 2.0 Aktiv Deutsch in Kranichstein|12|Bildungswerk der hessischen Wirtschaft e. V. Darmstadt|01.09.2024|31.08.2026||2|20|31.12.2024|M1
AQB|3510|3|3|2024|AQB24-STDA-M1-02|Deutschförderung für Jugendliche in Beschäftigungsmaßnahmen|423|Volkshochschule Darmstadt|01.09.2024|31.08.2025||1|10|31.12.2024|M1
AQB|3511|3|3|2024|AQB24-STDA-M1-03|Ausbildungsvorbereitung für Jugendliche - Psychosoziale Beratung am Übergang Schule-Beruf|12|Bildungswerk der hessischen Wirtschaft e. V. Darmstadt|01.01.2024|31.12.2025|15|2|20|31.12.2024|M1
AQB|3512|3|3|2024|AQB24-STDA-M3-01|Multiflex - AGH Maßnahme zur beruflichen Integration von langzeitarbeitslosen Suchtkranken|384|Stiftung Waldmühle|01.01.2024|31.12.2024||1|6|31.12.2024|M3
AQB|3513|3|3|2024|AQB24-STDA-M3-02|Fahrrad und Reparaturwerkstatt|119|Initiative Arbeit im Bistum Mainz e. V.|01.01.2024|31.12.2024||1|8|31.12.2024|M3
AQB|3514|3|3|2024|AQB24-STDA-M3-03|Sozialpädagogische Begleitung AGH|5|BAFF Frauenkooperation gGmbH|01.01.2024|31.12.2024||1|60|31.12.2024|M3
AQB|3515|3|3|2024|AQB24-STDA-M3-04|Wohnumfeldverbesserung|119|Initiative Arbeit im Bistum Mainz e. V.|01.01.2024|31.12.2024||1|8|31.12.2024|M3
AQB|3516|3|3|2024|AQB24-STDA-M3-05|Computer für Alle|119|Initiative Arbeit im Bistum Mainz e. V.|01.01.2024|31.12.2024||1|14|31.12.2024|M3
AQB|3517|3|3|2024|AQB24-STDA-M3-06|Berufspraxis, Qualifizierung und Sprachförderung für Geflüchtete und Asylbewerberinnen und -bewerber|5|BAFF Frauenkooperation gGmbH|01.01.2024|31.12.2024||2|30|31.12.2024|M3
AQB|3517|3|3|2024|AQB24-STDA-M3-06|Berufspraxis, Qualifizierung und Sprachförderung für Geflüchtete und Asylbewerberinnen und -bewerber|119|Initiative Arbeit im Bistum Mainz e. V.|01.01.2024|31.12.2024||2|30|31.12.2024|M3
AQB|3517|3|3|2024|AQB24-STDA-M3-06|Berufspraxis, Qualifizierung und Sprachförderung für Geflüchtete und Asylbewerberinnen und -bewerber|258|Kooperation Asyl GbR|01.01.2024|31.12.2024||2|30|31.12.2024|M3
AQB|3518|3|3|2024|AQB24-STDA-M3-07|Brückenqualifizierung mit Vorbereitung auf Teilzeitausbildung|5|BAFF Frauenkooperation gGmbH|01.01.2024|31.12.2024||1|30|31.12.2024|M3
AQB|3522|10|10|2024|AQB24-STKS-M2-01|Ausbildung 3 Jahre - kooperatives BaE-Modell|175|StadtBild gemeinnützige GmbH|01.09.2024|01.02.2027||1|3|31.12.2028|M2
AQB|3523|10|10|2024|AQB24-STKS-M2-02|Ausbildung 3 Jahre - integratives BaE-Modell|175|StadtBild gemeinnützige GmbH|01.09.2024|28.02.2027||1|5|31.12.2028|M2
AQB|3524|10|10|2024|AQB24-STKS-M3-01|Stabilisierende Arbeitsgelegenheiten für Geflüchtete|70|Magistrat der Stadt Kassel|01.07.2024|31.12.2025||2|20|31.12.2028|M3
AQB|3525|10|10|2024|AQB24-STKS-M3-02|Sprachcafé|73|Outlaw Kassel GmbH|01.04.2024|31.12.2025||3|36|31.12.2028|M3
AQB|3526|10|10|2024|AQB24-STKS-M3-03|Beruflicher (Wieder-) Einstieg für Menschen aus den Rechtskreisen SGB XII und SGB IX|70|Magistrat der Stadt Kassel|01.03.2024|31.12.2025||4|40|31.12.2028|M3
AQB|3527|10|10|2024|AQB24-STKS-M3-04|Digitalschulung "Behörden und Bewerbungen"|73|Outlaw Kassel GmbH|01.04.2024|31.12.2025||3|45|31.12.2028|M3
AQB|3500|18|18|2024|AQB24-STOF-M1-01|Berufsvorbereitung Elektro|446|VTBO e.V.|01.01.2024|31.12.2024||1|8|31.12.2028|M1
AQB|3501|18|18|2024|AQB24-STOF-M1-02|Produktionsschule Holz|447|Initiative Arbeit im Bistum Mainz e.V|01.01.2024|31.12.2024||1|12|31.12.2028|M1
AQB|3502|18|18|2024|AQB24-STOF-M1-03|Fortführung Produktionsschule Holz|447|Initiative Arbeit im Bistum Mainz e.V|01.01.2025|31.08.2025||1|12|31.12.2028|M1
AQB|3503|18|18|2024|AQB24-STOF-M2-01|BaE Teilzeit|67|Lernwerkstatt Offenbach|01.07.2024|31.12.2028||1|5|31.12.2028|M2
AQB|3504|18|18|2024|AQB24-STOF-M3-01|Jobcoach|71|MainArbeit Kommunales Jobcenter|01.01.2024|31.12.2024||1|30|31.12.2028|M3
AQB|3505|18|18|2024|AQB24-STOF-M3-02|Stabilisierungsgruppe|71|MainArbeit Kommunales Jobcenter|01.01.2024|31.12.2024||2|20|31.12.2028|M3
AQB|3538|26|26|2024|AQB24-STWI-M1-01|Fit für den Beruf (FiB)|16|Bildungswerk der hessischen Wirtschaft e. V. Wiesbaden|01.09.2024|31.08.2025||1|32|31.12.2028|M1
AQB|3539|26|26|2024|AQB24-STWI-M1-02|Hinein in den Beruf (HiB)|155|BauHaus Werkstätten Wiesbaden GmbH|01.09.2024|15.05.2027||2|24|31.12.2028|M1
AQB|3541|26|26|2024|AQB24-STWI-M1-04|Ausbildungsperspektiven für Erziehende|33|FRESKO e.V.|01.07.2024|28.02.2025||2|32|31.12.2028|M1
AQB|3542|26|26|2024|AQB24-STWI-M3-01|Stadtteilmütter - Stadtteilväter|436|AWO Kreisverband Wiesbaden e.V.|01.02.2026|31.07.2027||1|8|31.12.2028|M3
AQB|3543|26|26|2024|AQB24-STWI-M3-02|Coaching für die Bedarfsgemeinschaft|155|BauHaus Werkstätten Wiesbaden GmbH|01.04.2024|31.03.2026||4|240|31.12.2028|M3
AQB|3531|22|22|2024|AQB24-VBK-M3-01|Lesen und Schreiben|224|Volkshochschule Lauterbach|01.01.2024|31.12.2024||6|60|31.12.2028|M3
AQB|3532|22|22|2024|AQB24-VBK-M3-02|TiGA - Talente integrieren in Gesellschaft und Arbeit|377|KVA Vogelsbergkreis - Kommunales Jobcenter|01.11.2024|31.12.2028||1|110|31.12.2028|M3
AQB|3533|22|22|2024|AQB24-VBK-M3-03|Sprachförderung für Geflüchtete|224|Volkshochschule Lauterbach|01.04.2024|31.12.2024||3|30|31.12.2028|M3
AQB|3533|22|22|2024|AQB24-VBK-M3-03|Sprachförderung für Geflüchtete|438|Bildungswerk der hessischen Wirtschaft e.V.|01.04.2024|31.12.2024||3|30|31.12.2028|M3
AQB|3534|22|22|2024|AQB24-VBK-M3-04|Digital Fit - Digitale Grundkompetenzen|438|Bildungswerk der hessischen Wirtschaft e.V.|01.01.2025|31.12.2025||4|40|31.12.2028|M3
AQB|3417|25|25|2024|AQB24-WAUK-M3-02|Projekt GO - gut orientiert!|399|GSM Training & Integration GmbH Produktentwicklung|01.04.2024|30.06.2025||4|50|31.12.2028|M3
AQB|3455|24|24|2024|AQB24-WMK-M3-01|DREIplus - Wiedererlangung der Erwerbsfähigkeit|2|Aufwind-Verein für seelische Gesundheit e.V.|01.07.2024|30.06.2025||1|5|31.12.2028|M3
AQB|3456|24|24|2024|AQB24-WMK-M3-02|Aktiv in den Job (Junge-Mütter-Projekt,TZ)|28|Evangelische Familienbildungsstätte|01.05.2024|30.04.2025||1|12|31.12.2028|M3
AQB|3457|24|24|2024|AQB24-WMK-M3-03|Let´s work|28|Evangelische Familienbildungsstätte|15.07.2024|14.07.2025||1|12|31.12.2028|M3
AQB|3458|24|24|2024|AQB24-WMK-M3-04|Qualifizierung für Geflüchtete I|93|Volkshochschule Werra-Meißner|01.07.2024|30.06.2025||2|30|31.12.2028|M3
AQB|3459|24|24|2024|AQB24-WMK-M3-05|Qualifizierung für Geflüchtete II|381|Werraland Lebenswelten e. V., Berufliches Ausbildungszentrum|01.05.2024|31.12.2024||2|16|31.12.2028|M3
